con1	con2	con3	obs1	obs2	obs3	obs4	obs5	type
-0.4537098062879246	1.5035801846227792	0.2175801643370988	-0.4780916096569767	0.05550511827609118	-0.1955111638074731	0.43746549273515073	-0.12729172675909894	1
-1.6444036444082974	0.6574585865558972	-0.5405870654502014	0.9779832988721241	-0.7506209414048356	-0.2404568436507426	-0.05663391118079139	0.0918730670696196	1
-1.3175707454508647	-0.7696460308656897	-0.16868752042545432	1.514177583425722	-1.2870164358303207	-1.8925337019872226	-0.8508439262916965	0.14707642397181248	1
-1.2391350910809227	-0.02478224274154222	1.49248749214637	1.5087009423178293	-1.3739064997562966	-2.20082974366243	0.648607029032555	0.09531870228662404	1
-0.5475331912315402	1.421460324607503	-0.5797095612956	1.685143698257174	-2.942903022461494	-3.2820736446490204	0.27523676180853146	0.36997552765531627	1
0.47650560608166415	-0.9460563589231495	0.2861669566236627	-0.0752647728651806	0.08019750572375214	0.054165971782147215	-0.6531503397244083	0.07088228230762758	1
-1.1459365597605267	-0.4791278386238885	2.084402674509785	-0.5779123831955177	2.730206336148409	1.9276008160632567	0.07528144286974858	-0.3954895835120454	1
0.9334733272718978	0.7234170944743235	-0.3285349603396256	0.7984408870292021	-0.9667199522108806	-0.712769446305504	-0.016829639131832927	-0.32525437923218115	1
-0.645378525162527	0.49229582557344465	-1.1400926690576594	-0.32001619268182335	-0.730740549954235	-1.3490803301389929	0.08971910333153457	0.8392850377971587	1
0.23629565885075804	-0.9915361355131507	-0.72065010787454	-0.10672893612792997	-0.6408827388068967	-0.7241324840772141	-0.5616186654536983	-0.029962445900005852	1
-1.1770872360806406	-1.859418731005091	0.6770510580094268	-0.2518943947002914	0.38398592160794753	0.40934484176406444	0.4495728311559297	0.10812351574226386	1
-1.3270342539642188	-0.469767771459089	0.40958734690535825	0.23102280005996542	1.1378572027530247	0.16848665652432882	0.4457996955690603	0.12586729467795812	1
0.702978361489003	-0.3795776967536561	0.5853598256245359	1.2493974811421955	-3.508319576071604	-3.5590195719724376	-0.13392257777832667	1.2926369956399961	1
0.1769325836167107	0.11778650475147769	0.22549037133225822	0.5896948400427113	-2.1926312016634433	-2.4399801839027786	0.14590194774845752	0.5545867999932419	1
0.32904884578742705	0.5001654034226778	-0.3897747836704866	0.9459786364230722	-1.832067720977576	-1.565565484054216	0.11669381448828675	0.7012102160337037	1
-1.6210738170996786	-0.6685319209953698	-1.2466863359127227	0.9598936629118935	-0.9138947875710264	-0.6953547240300303	-0.3589113562364239	0.22738709519383343	1
-0.17356674830743002	0.8666609996906394	-0.5996717732044248	0.22416694304817897	-0.7774772203023186	-0.5594474292397325	-0.06816256654813535	0.855012778836039	1
0.10232713439742154	1.3688585245032738	-0.9240214016124083	-0.22680688596302312	0.9112183260907307	0.15860996914410036	-0.2666365659202067	-0.46080860190711975	1
-0.07817567147522697	-1.5206905268256898	-0.8512192125794008	0.08804601702309783	-0.5361004544526445	-0.38121788402009843	0.8800899117331027	0.23711634471799803	1
0.927338959269126	0.4432505350229158	1.2397835062706193	-0.306968640600274	-0.6397222609147041	-0.3808758156183919	-0.10433973898988787	-0.26145905800581226	1
0.613742005472649	-0.46344128229839654	1.796285893758076	0.34642706863019607	-0.9458953791820306	0.0026892535937660944	0.4736351151727358	0.20006538818649275	1
-0.6152281173238294	-0.08403781021856763	-0.5487282258633344	0.5932032255732655	1.2760958050476714	0.9155623934128406	0.04898602535723133	-0.193662627369931	1
0.4114626269434587	0.44707777642639274	2.0689060317799246	0.8707505876761858	-0.5427216302682789	-0.9862033281765223	-0.33639134439464397	-0.04609282144493193	1
1.318486612418209	-1.0766604206906556	-0.4709477694400849	1.6076855876968366	-1.8940990303828265	-2.261173334934214	0.299917235549482	0.44347850852753357	1
0.3121715186371638	-1.4814922125089063	0.47803553702317186	0.5075340554096617	0.08646272447926007	-1.0215657022898759	0.37476013654905005	0.3625106206691058	1
-0.37073786117809515	1.3506319998535692	-0.26292160972503487	-0.5699834259143367	2.344521727071112	0.9684894529608172	-0.7133285451651767	0.4041223774205167	1
-1.6610490012569776	-1.4595025773122166	-1.9844031523897194	-0.4803259439540494	0.7699994806150392	0.06840941955528462	-0.34311739663589924	-0.17827176810171672	1
0.4023498334885639	0.7756019949723025	0.0024763236087486473	0.02283100463232604	0.9641395793266638	0.9138171039093328	-0.08908163307942826	-0.03922807003851059	1
1.4844163148525291	-0.4658446744411429	-0.7020719807145014	0.871113088906475	-1.293107099178013	-1.0767476353637686	0.6325037465306879	-0.029002343337528547	1
-0.01041670751550983	-0.12832079730201434	0.4777502373841387	-0.34563134785068733	1.0790046811618332	0.15732527029150273	1.097089688887017	0.8930523668314941	1
-0.250699056849364	-0.018130982424176864	0.31244209031386544	0.369768124949026	-0.16283729501059066	-0.3586782958593967	-0.011703791311265744	0.05422408314040681	1
-0.9443925993225677	1.866870060811174	0.0851529203629878	0.5005780497058316	-1.3260585583572548	-1.9340735905206854	-0.3580191345301268	0.5435146895098171	1
-0.7941785404134492	-0.04701296186917946	1.3631331290773445	1.33933819582976	-2.469521926667829	-2.0471225551040875	0.6499381088705604	0.8454007944618895	1
-1.8322754561600725	-0.40958459163591615	1.7196194973315342	1.2326827379324727	-3.444333059474694	-3.795289696885883	1.0708489355832533	1.063802213725449	1
0.6243792852736152	0.5597198498210846	-0.7060648479542911	1.761395309259588	-4.465474660486611	-3.20999461696088	-0.48416303583345	0.5757344803097022	1
1.8332352826444545	1.715735480163366	1.5513709437306193	-0.29147510884028976	1.2695043168857323	-0.26484844317775597	-0.11434104037753061	-0.1454496252181236	1
1.1366112782998585	-0.48090604681066434	-0.9284731878615853	-0.21046922282282438	0.3852537581122431	0.4398961981082653	-0.25338942009504006	0.4032586081177318	1
0.0317744009917007	0.5062470777066487	0.8408819257414978	-0.3601548374742144	2.270202634451704	1.5875099116360984	0.01244664800657641	-0.24701149445373358	1
2.525625116405716	-1.3569220999930431	-1.139754968847689	-2.041385353007219	2.921446647314168	2.526927982180209	-0.6568897805849984	-0.4255546853757417	1
-0.42624968587008993	-0.47679629867120515	0.7532749736336195	0.1356291218358876	2.4272249280178775	3.218411123425512	-0.4769961279223557	-0.43339977228154425	1
0.33346993679781156	-0.5744937927053083	-0.27606674656320973	-0.7474585177569704	1.8437399477482095	2.7718551674561605	-0.5127965989411375	-0.41263654290719826	1
-1.0150374887165043	0.723676941524303	1.7430425251394763	-1.6895785776890242	1.6123621306423328	0.9575703874756671	0.35121271294256273	-0.25104267710642586	1
0.4275827321630454	-0.5869743306879017	1.384568712528157	0.3936871838507214	-2.66618090054145	-2.473140016398805	-0.4799677385613377	0.12168382749100376	1
-1.7338993383463643	-0.3459566970816894	-0.07115253431579784	-0.057619794442692496	-2.1515854284874116	-1.1502284103362785	0.33199804733266003	0.3118874665708433	1
1.9300533623320173	-1.5608777572824062	-0.2258172922060493	0.7285394211954925	-1.3496084301860827	-1.8133985376679282	0.5050188124776775	-0.3715760194607779	1
-1.1483508989514017	-1.203323317404444	0.3583147368418727	-0.8054510807859367	2.869812457162911	2.067880385138474	-0.38573210652848633	-0.5642720732753965	1
0.9606813097678125	-1.0761219902397918	-1.4825173903741986	-1.1888303363754364	1.7092157080888204	2.467325601156609	-0.12725407020367038	-0.5589960526690059	1
1.2988556710396502	-0.6626475972051427	0.021650193659898145	-0.8935787125628544	2.4408303954500843	1.8208987472898635	0.42885647885201184	0.12089393070371857	1
0.8065275931285508	1.3475509173595102	-0.16345052424587947	-0.9236909253144712	3.63336686546332	3.5590073288669544	-0.8394047428313376	-0.6077923538617698	1
1.0691760313038614	-1.6511280630809706	1.230934480318609	-0.7299095582930827	2.130615945406531	1.5118381291258114	-0.639609927214518	-0.07155483081002567	1
-0.400378337756191	0.12549814281636587	-0.3419066008573942	-1.3565014163221973	1.1142837543440691	1.6211427029611793	-0.3615580237057032	-0.5477115576120303	1
-1.2650861716596618	0.7693869465826859	-0.9191672798650041	-0.5550960053206472	0.8223736128635868	0.3808375568389588	-0.10349807535870326	0.3384141333746571	1
0.3051950851384402	0.4199057952517835	-1.0734955650014837	1.0911393920104968	-4.360258653081637	-3.2044661533957743	-0.6305922987151316	0.6341294618058877	1
-0.3220294812524119	0.20698447644778267	-0.9633967937179989	2.0468764800637427	-1.6019688291916805	-2.061337167945602	-0.13035428856724085	0.24847089166605316	1
-2.0961203185383646	-0.16738108642339306	-0.14974565061676604	-0.13919440373725228	-0.2892087248645032	0.4244145490360658	-0.1442819372981363	0.2118648996904154	1
2.412698173702264	1.8641193370881437	0.8108084985840345	-0.5087252858671554	0.47680201706396486	0.0908754508522904	0.531367078127021	-0.02426509789565047	1
0.19226882781840882	0.1630947757350882	0.010900872998440106	-0.1524880518418749	0.3641576537629546	0.925789633469063	0.008778212531403665	-0.25641013870329127	1
-0.05506744551699823	-1.549307803702595	-0.6268057067738756	0.5863514875768397	-0.8944863806053169	-0.9949909874848311	0.4975531921326341	0.43859487294147403	1
-0.7036820629221024	2.0558127407740256	-1.2057390524789648	1.428391134725145	0.26177410158726744	-0.34731667195753807	0.13683395107195429	-0.13944365276328954	1
-0.5105642193084031	-2.285621935264077	0.7074916621215813	0.7499915723656594	-0.17266239913518988	-0.41225920145640893	-0.11420536085578877	0.46517229464098164	1
-0.2693713841352973	-0.20388065262624497	0.1722481767165169	-0.6707869653307638	1.9839683953046858	1.4803552236183577	0.006107858520958978	0.20693924357992943	1
0.797662099421171	1.531989827473229	-0.6563429028463912	-0.4234092483103738	1.4737936245056384	1.3873263482429559	0.20781200495518531	-0.5873261921089367	1
0.8661094825849075	0.6928320239042685	-1.2479405171419011	-0.1484945685978086	0.3026345065147117	0.2563055242432288	1.127354731068199	-0.31576271874976536	1
-1.9559743438131159	-0.848515023297611	0.42084061368923603	0.9178124091587512	-0.6243093213606128	-1.3775046512002165	-0.324808406415058	0.126354566446865	1
-0.032817514899409636	0.7584392643030435	0.02729693972191631	0.8963313031807623	-1.858525336234448	-2.3332239285097662	0.4019311233663662	0.04976073151379329	1
0.1372767140946506	0.3383731868342571	-1.0072803161086423	0.3111357238036485	-1.980612765197764	-1.4599166768323815	-1.3777283537521487	-0.6681950909124805	1
2.2124251537456274	-1.052914424903136	-0.6250374856218034	0.7254835499404715	-0.2475518104320914	-0.8856210173109733	-0.09803260668813864	0.2055670702252093	1
-0.31458094626885175	-0.11235728688567868	0.772456590691773	-1.4191236447864877	2.8598555855590044	2.9883454914377303	0.3010122546051307	-0.2299419896211824	1
-0.8186321887718364	1.1038797958663447	0.3683728090084051	-0.9047533765806446	3.365319621451085	3.054056658353298	-0.5961530712112589	-0.7050630644857846	1
-0.984972767177921	-0.7402296242294933	0.3621313694996996	-0.24544084155011753	0.5773251799887023	1.1656533340107529	-0.24220158812620834	-0.22262292771268638	1
2.0237647057018764	0.4443423600972577	-0.48162441074295625	-0.455248034232444	-0.19047305671092302	-0.010456509121434417	0.08684621767809621	0.025201617985565666	1
-0.3361071475800642	-0.08539515401495426	1.8964971255891931	-0.5516077398091993	0.42871687920470225	1.4735016169437039	0.730339485932879	0.3919359159948548	1
1.2423323632867218	-0.12794961068434133	1.9198440188865549	0.8797971259636684	-2.9178951184775515	-2.7948517775215915	0.13134075567373185	1.0218216262408875	1
-0.2590991176352538	1.5628405836779993	-1.5179033001510915	-0.5785317910260777	-1.1701370336651062	-0.705698509665746	0.46623900671463603	0.11242668603727313	1
0.1735956295527802	-0.3080755723145275	0.8843717518848165	0.01819137306439164	-0.9329951089769618	-0.5568023602064719	0.47255399028867506	0.2166733087692539	1
-1.336047810411184	-0.31212849745916804	-0.8671204463448096	-1.046390429880182	1.1160610356676413	1.0245900556982188	0.07919117667288911	-0.30169098061466937	1
-0.23949311242130292	1.241476012410704	-0.21310005899418266	-0.2953910544227662	0.8331584486324337	1.0758002706232312	0.03457384218805003	-0.2473315531171107	1
0.8977248285294553	0.1996896566106933	0.6106238252248714	0.5216650122158957	-0.9389935659492632	-0.7067278588419408	-0.21539185360862445	0.1788011755191204	1
-1.7722801030863038	0.2612938915129451	0.7450317414034636	-0.7751667719880893	0.48736435235525827	1.1011598029653944	-0.2041137592413481	0.05286166672664139	1
0.7285114894362733	-0.9062127982434691	0.5621579866089347	1.2517397525449852	-0.6100560058751038	-1.35388421978134	0.6498591833718034	-0.17215495117346075	1
-0.07840430036329009	0.8444517892350075	0.7102302713210504	-0.1652978364399727	1.7171214119170508	1.022001858707538	-0.0960555644152891	-0.037262892953968896	1
-0.4132935620967945	1.3876194604007155	-0.23731965720280968	-0.4295645944208737	1.2829298650646621	1.8536430530736734	0.07826496150335552	-0.5188926399841767	1
-1.3843935279538084	0.31414435711018285	-1.5299792936763763	-0.1315030982867087	0.7658040638986998	0.0768495639961862	-0.537368675781495	-0.16964602712591353	1
-0.10711036393711121	-0.8590859517844391	1.2390560924314549	0.29179926461646344	1.4725958151859428	1.2938884632576755	-0.31048599310650704	-0.9655842503189026	1
-1.7888451827072673	0.7908925871968533	0.40426432511265914	-0.6371193176092876	-1.0012364626198713	-0.6306911086119972	0.2794414199281878	-0.1048826769316219	1
0.5182698926316582	0.7178705855276228	0.6314559063402144	0.16985447151963362	-2.216669674647525	-1.0852342146857354	0.2609806743849969	0.4998091831029837	1
0.7459557896057667	0.34322582902923526	-0.8082108679933083	0.21748750192023306	-1.9792015621347736	-0.8735745310787261	0.2585782128481432	0.5944522323214634	1
0.8000022113517598	-0.19310468324041372	0.08948555912943801	0.28624009016062385	1.5930339798912767	0.8834549367855651	-0.36485262703078536	-0.3502671480806996	1
-0.8923996415742775	0.5307415481367558	-0.680759067183985	-0.21692681466960492	0.19501822995480134	1.0089967611047919	0.8038967829430669	0.012998922771961602	1
0.9428625102159851	-0.07902573218046602	1.1362843078627387	0.4652778273762005	-0.4820005887028664	-0.608557510197578	-0.9627112688902835	0.5344654459274556	1
0.8703646378720009	-0.9812947735249007	0.14419713142173848	-0.4261752936396379	2.1070416467423776	1.8159761048243623	0.4396079261434485	-0.2835258834590614	1
-0.7483349001748366	-0.6828994741095186	1.299516362236386	-0.655156236452634	2.0605259435932632	1.9420352670554306	-0.2236429740415799	-0.5506648748974868	1
0.14545095646649647	0.7193950246904205	-0.060520848422673905	0.022109648092843603	0.2159849179278141	-0.7484739007851547	-0.026869590307102554	-0.06391297530393078	1
1.0277607906371884	-0.9720973451079867	1.754438325947037	0.7615469968789361	-1.544675318120056	-1.3250703260668486	-0.8461557545930968	0.39489937578749074	1
-1.5694961688709017	-0.6952487090751066	1.4381739064709824	-0.3544857867575341	-0.15979435580990564	0.12795531761555556	-0.7451814524170659	-0.18492389616171506	1
1.9276480305041261	-0.6308082452545174	0.814217574417483	-0.002239068351259643	-1.7217298399642582	-1.3274353881691228	0.6351292837377471	0.07455596735767919	1
1.7500535832634505	-0.41438642517317326	-0.929872588371881	-1.6599403690520795	2.5306123945774854	2.5833515047729403	0.15137032602118825	-0.46077293005116327	1
-0.4906741065731662	-1.50035784583688	-0.728128279998699	-0.25630429685960643	0.9446296859142524	1.3726720488379105	-0.7141024684103278	-0.3415537235512603	1
-0.5195860734943927	-0.8027592281971219	1.021609703079135	-1.585999550762879	3.968727854344691	3.310446141987514	-0.45653291427128684	-0.5845473006995102	1
1.1949691036015435	1.4182875740443883	0.17296402164203817	-1.2363878679091957	0.8101971856759378	0.9967231428636214	0.10884582802284916	-0.11478085502171335	1
0.45774830477265843	0.42820331910242865	0.4109217809098783	0.7086646911651601	0.6285426609793808	1.182178211204715	0.7275351880110172	-0.0607806659734322	2
-1.1034036214632807	0.13565716174127607	-1.8111286876256416	0.8797852297891005	0.5395382405284515	-0.1783257916881826	0.10364314577721832	0.14904220374217506	2
-0.447544405671984	1.899043817095039	0.06420667220065411	-1.017552349073582	0.5791134976009993	-0.5710078021844396	-0.34192254200638755	-0.041417344650231724	2
0.6658316301530582	-0.6353378292693185	1.0334098456275556	0.45427456432902413	-2.794429447844379	-2.4412016563973817	0.9147690878095388	0.1638457897233303	2
1.0033805396902609	1.9380748070821427	-1.3701579349539268	0.29060055955613695	-1.9079237647514753	-0.9176410264424754	0.7606570172984873	0.46047641491159347	2
1.1020796929152732	1.14729098836333	-0.3774164781500779	0.7154187395659316	-0.3447043491475087	-1.076624989169942	0.11437492971444208	0.48691611738044593	2
0.834699728924516	1.2359141982755835	-0.3775322288593893	-1.0718363238664472	0.9741651998631695	0.5990262862071254	0.2788395212374753	-0.6131967947385684	2
0.5592446575605148	0.16224786609477748	0.6870015247682637	0.860786478314053	-1.0282457449276257	-0.9721198568667315	0.884079627639219	0.021305460678150492	2
-1.2809176062905043	1.4174230045585665	-1.6514474294185053	0.1201354457388788	-2.6801160245371256	-1.6741341742549913	0.5693724048261901	0.6163854427326451	2
2.739111920013895	0.6995909600571948	0.8619896217875888	0.22559067010384015	-1.0162729240444324	-0.36037505327198793	-0.4168429565932711	0.6021319123554864	2
-0.4951014335812154	1.0367761631530308	0.5589850652787434	-0.588839549369809	2.1867669103974627	1.562197012392661	0.04814031690069617	-0.1192476316371141	2
0.77171516719267	-2.7555897362908053	0.32889731097361075	-0.324250589943368	0.38551196037317303	0.8443789031283546	-0.2659378075765752	-0.46922919865716206	2
-2.1918550338235554	-0.9830318917376306	0.5915386366761637	-0.6661631080213165	1.3395019374766006	2.114853983652924	-0.4610640476743981	-0.1782524427376887	2
0.37683667087082834	0.7621342004116366	0.46693533231635576	0.38487205476417524	-0.5057667988375739	-0.01759276280305208	0.9346411348926851	-0.0907766857022914	2
1.3748627154084883	0.6578061229671213	0.3239699707195997	-0.8018888008396892	3.1697628187727966	1.6098965723979866	-0.5422872468957589	-0.5972575119256649	2
0.5157035742141792	0.3163620836027989	-0.882656093974744	-0.943270775130337	2.622548936180875	2.402886858771705	-0.33537600696660963	-0.01858140699691574	2
0.0642419169326962	1.2693454110962321	-0.20095105997270632	-0.2693970184087027	0.30611212019515377	0.817505003239547	-0.49620737714962787	-0.008118574664081002	2
-0.4116131432381801	0.15394856921812428	1.0810905404293527	0.05132224775346508	1.4410791926205784	0.6386693124786145	0.5341502072975677	-0.3871397581873244	2
-0.6644951973223069	0.32916350113666637	-0.28083427106637526	-0.10621735168856175	-0.203021783765589	-0.27811103583823926	-0.7788755843252417	-0.16765967012798302	2
-0.7292633224515609	-0.4966038891365778	-0.7555585445943088	1.557122123850184	-2.487617523066232	-3.451305951312065	-0.34319757058101164	0.40076682080902104	2
-0.7215206555941359	1.1595642115469704	-0.7163697069354918	1.1282048821762798	-1.6731097448318022	-0.7474516509412567	-1.0735245593094465	0.031989773347103234	2
-0.8377626312015849	-1.057735354043143	-0.043554060591265674	0.6624063119534955	-1.5057765584381353	-1.6541904964929923	-0.04068556759518056	-0.19903372797430682	2
-0.31682377066557565	-0.10093430492057381	0.8453161736490371	0.05093377163816726	-1.608238473153836	-1.7377867374816858	-0.5872430728869368	0.3810866075454776	2
1.480068678935171	1.1304714891265972	0.21270520577844595	0.11103471790894914	-2.2695896738216397	-1.9290608919253829	0.08878203081036641	0.6264922394971609	2
-0.08379642280161324	-0.5534733386676847	0.33241394029979987	-0.18259754448618604	-1.1600345108602212	-1.9754108299788722	-0.12984498412746198	0.11539950525266471	2
0.08322532722280745	0.3770939709139551	2.5419344068479233	-0.1819082140903914	0.28171363760479806	0.003304597158253292	-0.37171853495327506	-0.6332016862256176	2
-0.6542300277308726	0.25290605596773985	-0.3294523059457572	0.29481472502716805	-1.3449624043978827	-1.1013808208589526	-0.8868544484625462	-0.3665173748163636	2
-0.01448121069202619	0.3912182828928265	-0.5555058806739179	-0.19765281422490064	1.4594983083734623	0.8125467626735253	0.3541420780883594	-0.4517920495606139	2
-0.7055368630090443	0.8442118302433994	2.040286737640075	-0.06467147385754837	0.8674943463396507	0.8210247127856112	0.36096995115213093	-0.1806847203875352	2
0.5007196304313042	-1.2533350417028106	1.1138447954005668	0.3369313303441457	-2.5355011138063963	-1.9992334034842587	-0.5449800731060691	0.856999197488286	2
0.19600269155691658	-0.345470487725811	-1.3477989775589807	0.7264479692922698	0.38295209037148753	-0.003173034533736463	0.6116672423045609	0.5647703627784522	2
-0.632139665704142	0.2306316103733134	0.5054893629630721	-0.10025828446810271	0.3936257383347198	-0.6983110866118918	0.7640582361519466	-0.04152021672649181	2
-0.3195854505762095	-0.014429428242972796	0.7342230193984374	-0.21049400606292168	-1.0699108311744694	-1.0851247321407997	-0.09833810462786255	-0.17208807714713914	2
-0.4352245549292301	0.2222906440815663	0.7950688966114735	0.5748865767725562	-1.051590169459773	-0.47410134585369035	-0.22415168824279044	-0.19588492519130885	2
-0.4241670810810271	-0.2120898793426829	1.7667287317958504	0.2864864839260285	-0.43596737510075123	0.23723083366518338	-0.02543696982843734	-0.21608722606512606	2
2.0218819791579343	-1.516053704835366	-0.1700237717497195	0.45722928521362827	-2.3767186163603466	-1.9148187621561228	-0.4014394279105763	1.0019733186385258	2
-0.27519426891338866	-1.3807169860601658	0.8847002461337227	-0.22018785723400897	0.3608268547251982	-0.15529297257923913	-0.2594184687269393	0.142891683567876	2
0.7133303481785906	-0.6179726247991381	0.24649993560800165	0.6127221067522037	-1.84729638187501	-0.9499247994690587	0.0028529292152801866	0.15807751449222956	2
-1.0154489127024429	0.5011845408362835	-0.9833949152106929	-0.36231858429425834	0.0033852606943417796	-0.7322028443164796	0.620525347913762	-0.19923937474888168	2
-1.8360821322155612	-0.1312326858604415	0.7437297819107035	-1.03941315235504	-0.9345362849097487	-0.5145297572855471	0.6099585159685318	0.27432455632083835	2
1.4756871116875099	0.18020192822968614	0.30333768606535194	-0.37110772304593653	0.14663150188442892	0.377583391321874	0.011154182800525596	-0.3709853888219238	2
1.1565561435178557	-2.773649407926205	1.416757391398008	-1.6091187699215372	2.6037975402766516	1.9809371047013817	-0.3443186959393907	-0.17043361219984726	2
-0.12104398065367956	-0.6431506709791451	1.5618216381133052	-0.5349184562684988	0.19797092858923532	0.4211116640513888	-0.4907762019408227	0.2553474467499983	2
0.42142048768672813	0.7097386486696846	-0.4886847455365122	-0.20959096355508777	0.4550106820716758	0.6393143991402506	-0.0876547838994218	-0.7847016082184798	2
1.1376579325563185	0.2259004696819858	0.5745818799415022	1.3594321210955975	-0.6067370713089485	-0.893143669961704	0.39674697528586234	0.2955684647838128	2
0.45563111177528876	0.45557237417126784	-0.4299121665187473	0.5327665547097032	-0.8998859091748148	-0.7318889109133623	0.5505964131178918	0.06028832875680355	2
0.1436226677133984	-1.513297999841016	1.0610332033389203	-0.1461464829935359	-0.06493218785469279	-0.6507348350136429	-0.2578598979965661	0.3694760038859295	2
0.19353582926372778	-0.2089459648415673	-0.23969972660245226	-0.36865152658917644	1.3819040216729122	0.7681549548811203	0.802327616889596	-0.6043089564324116	2
-0.43668425517544157	-1.3242246859294498	0.5476326879844189	0.267041026083528	-1.1552285623103973	-1.2592878462349577	-0.5316572266201773	0.4591511894340963	2
1.3373220661017127	-0.2408887809900685	-0.20737036113893662	0.36166824292523425	-0.9135998353294846	-1.047741202083761	-0.2700565958284782	-0.021280179162103646	2
-0.6799785226545267	-0.1482151063789729	-0.1724206269866731	-0.6999611664033418	0.5930112244314565	1.1648678031603392	-0.2038501152148571	-0.5320010966841544	2
0.462369542753384	1.4763728511766956	1.1777178860051216	-0.8693332486445327	1.254531507628296	1.8205616512804261	0.38641713504140596	-0.9123319837996524	2
0.6173765342477608	0.571574078480498	-0.6053661449560915	0.32738744459424207	0.6320758545167617	-0.14412186279632022	-0.4943972140412299	0.03263696909612218	2
0.37583890239782913	1.1572673046331199	-0.7373361895385719	0.33106742125933286	0.1806342444930248	1.0956611723672711	-0.08755535925304998	0.35795451428647707	2
-0.7498799223148038	0.298024737076973	-0.6222060186102099	0.4233681000560813	-0.6679511442268756	-0.49938570570108654	-0.3751521011742748	-0.3395291102972018	2
-0.2064772239935762	-0.6293604199521735	-2.325841509452748	1.11246131979068	-1.7191092373639498	-0.8944564444567901	-0.291328174749353	0.09696400330708455	2
0.2737743376825167	-0.23683942917128337	-1.7499781697287038	0.6695407276810147	-1.1394394503515834	-0.7570950923493793	0.5704817182899755	0.3338075937309497	2
-0.020067706836313967	0.978979078768409	0.9072260573961073	-0.4202686383289688	0.8669170877634194	0.05498065515686103	0.9249926231498654	-0.443781208434072	2
-1.0617149061626872	0.7159133198381215	-0.2243699078569257	-0.9001684926212823	1.4226188191037794	1.225991174663153	-0.32102611112044055	0.3520555210105638	2
-0.05881834655794998	0.05499656855894109	0.2798044002884142	0.6840035251191562	-0.7490213382495736	-0.9977901573550494	-0.22352317118443596	-0.25840220730533453	2
-0.5869150346308166	-0.05787872724768381	1.0912777111159824	0.19352661764261164	-0.40732366774424744	-0.2291395330418815	-0.5935772460968461	0.16791690601139933	2
0.28073174293755465	0.02273685012390489	0.8802833634860163	1.1504821452709126	-1.3481465758296416	-0.4745389296070977	-0.4582403004492823	0.6110432084742355	2
-2.0135768747410783	0.058673978656570216	0.3091278353661462	0.3367973493980539	-0.7414842367718426	-0.7256732411389185	1.135473504789328	-0.1437001147246898	2
-1.3081914191478503	0.11141873428772853	-0.2702702631717509	0.9480854996307868	-0.6619869217396575	-0.691907978029658	0.5156321505935975	0.7361781866406294	2
0.6586396895101165	-0.6756466334020691	-0.9264003463423244	0.44283730773746655	-2.9999400967692273	-2.5836124485684686	-0.11903080516432826	0.26329170507115685	2
1.1866535254627042	-1.3302800594194013	0.3384284814510924	-0.16558806562345502	1.0472746136663065	-0.2628855867240395	-0.383744385594019	0.21846669718094092	2
-0.9141506458845418	2.0618385453554704	-1.2425991843989657	-0.49395240888526915	0.8115427682256264	1.4560496368314801	-0.2603369816884744	0.29518087647512437	2
0.3182314526674346	1.7785114528093446	0.24815024267548724	-0.6513676481243256	-0.6554016348226084	-0.16668504369735015	-0.7403942117312913	-0.05221280606553082	2
0.23578069482824657	0.061216870381610236	0.2700736878577116	0.4020402734914956	-1.9029088399588068	-1.0307423366006256	-0.1925082921518766	0.09669479005239193	2
-0.4399225141705177	0.7454198551109914	0.408286122969979	0.6915130508847152	-0.9981866972162008	-1.2982730482223805	0.023810816836096947	0.38507211772125094	2
-0.20459590654965173	-1.3263957747584398	1.1618063106327652	1.1493377085056349	-2.0745166535650625	-0.8863160928902364	0.2594374131554211	0.8275094149030314	2
0.6248725815951682	-0.7153423692823724	1.9857367789433518	-0.14068972449165906	-1.6000567634701777	-0.9488364180778186	-0.6261296410390074	0.027137183992502728	2
-0.7762411814849952	-2.062503653217329	-0.6201285952477555	0.6466601360247033	-0.3127983622756533	-0.8810920230496331	-0.26403537405183714	0.16687234304599738	2
1.2771751140763703	0.667781075052374	-0.6722856367166687	1.670590699401858	-2.979099389249037	-2.362885223112303	-0.1548640921091124	0.5958112833298839	2
-1.3257398377979928	-1.0433183956512961	0.6251298900654401	-0.41044013494774634	0.6277516240288976	-0.11162761531048437	-1.33056496746048	-0.2621709630768614	2
-0.3402590245267766	1.5286557115983361	1.9845945821300386	0.15264177206237356	-0.4588240680943368	0.4162093754265736	-0.15845573449201164	0.057559825551384065	2
1.158091904414531	1.8720307258668418	-0.6821278248791857	-0.3522947775557441	-0.5855435663576558	-0.9985444864849033	0.3334406908626462	0.15815671193427697	2
0.7033473559790305	0.4322309705604188	0.6028707085954594	0.8305647492692285	-1.2184234666614684	-1.9768452963730934	0.5034712035449389	-0.013830656802639063	2
-1.7009070945862332	0.7011213719600222	-0.029815796856866326	-0.14701458968912656	-0.23238804622963927	-0.3130716651697539	0.8404793386645866	-0.3385596955773278	2
-1.2583015187127211	-1.7887839336940292	-0.16883606585121214	1.2319652887136208	-1.8333860643952409	-1.9008206043724614	0.17920772485859165	0.5733050652038523	2
0.6187905579129463	0.625178578252681	-1.8804636355381041	0.3387620657553644	-1.0514851194078572	-0.5162663034684594	0.1892374121991519	0.05934235296738154	2
-0.4413649123539156	2.0538037432957217	-1.4092062511365733	0.14202043846194995	1.1267479048604052	-0.028402422897460367	0.6408065878709208	0.011304305473338896	2
-1.8988119684745046	-0.04032926134850547	-1.8249686949858621	-0.7277637615073337	-0.085462149439116	0.042930741376995735	-0.6331076658009415	-0.31765633192791043	2
0.2591575762074036	0.2773842336667746	1.0328215168500623	0.9040642232610894	-1.5919026791443882	-1.922937489206871	0.5738721485266011	1.250569272466494	2
-1.1152582439969687	0.15069211323312712	-0.6684038321936947	1.8961534388362824	-2.9443439068151416	-3.2592240530714776	-0.14685733282969504	0.790629259034669	2
-0.8408075573719476	0.14160203156589252	-1.8685210642598409	0.8405149955539529	-2.560715623268151	-2.6922462938133846	0.7024816424584389	0.3790538870060035	2
-0.20386021991253725	-1.6045131355303335	-0.4633614851688695	0.7879759831538348	-2.004509707188027	-2.192399332472617	-0.09350748268143422	0.4279610361396974	2
0.4244852310363786	0.4007420799929429	2.5288920595920303	1.2462552981386612	-1.222509793357037	-0.8493802969095294	0.2669383604866786	0.08818438582318229	2
0.9859974115479747	0.6075935324174933	0.9224877251916305	0.7354717422588173	-0.6328948792035484	-0.6403062394162637	-0.29076746771553663	0.391433716681615	2
-1.154229068497439	0.3259468328602383	0.023407012800873785	0.6283347621029978	-1.8423420594623852	-0.836762354667732	-0.16003352746589114	0.13674191824623097	2
0.10840938257697015	-0.6924918797224399	-0.3247454548721188	0.9652804747750765	-1.9959646342819206	-2.114228058153049	-0.3025207429869053	0.47272261417707784	2
-0.7633156695279927	1.634531694647099	-0.309673410324705	0.1310442827362176	-1.9630353910912424	-1.7713579807226827	0.19471164178258132	0.34510731288733915	2
-0.9383241446466536	-1.2211121516823664	0.2507170853535832	0.42341278008995625	-3.264872447079332	-2.6855826885507614	1.1892566919202374	0.4348812587571181	2
-0.70742982254081	0.5206947794106593	0.5550628770059355	0.728411639670415	-0.13749098507247656	-0.24085785743442562	-0.056793767938187203	0.5971891609831155	2
0.006734138347164484	-1.001280491028735	-2.132755119321953	0.9233202024159519	-1.274051924278921	-0.7914982735366795	-0.14563584522911005	0.13308231377253127	2
-0.2784496754342039	0.7515440156580121	0.39186065042840323	-1.085436925731894	2.63903056647645	2.498030491063916	-0.13880025319894385	-0.3621732882591975	2
0.3953162726596331	0.2778216986884564	1.5897044230579827	0.7399775202823926	-0.3420883231263673	-0.8458730498422051	-1.1165554485297986	0.062078651364490436	2
1.2529115614375208	0.6556243013230231	1.004572227136888	-0.8329774836085768	1.242878745937845	0.43507014510088055	-0.22550905637523688	0.415382966173519	2
1.195939696204293	2.2593387073050564	-0.9685109142723543	-1.1213515003926608	2.9966752635435414	1.4651789610560104	0.23767246400584702	-0.24916640866315312	2
-1.7048924823155251	-2.254771240934343	0.14717084667522776	0.23036928971290593	0.28378799251300557	0.17379978087337994	-0.09926165276313052	-0.30923924918656687	2
0.47953020127336965	-0.5011521430485346	1.456123780575301	-0.757073389471145	0.007741182202639672	-0.5300053604778521	0.9536492884143024	0.42528118531445325	3
-0.3071142250188852	0.4702630796813304	-0.46365185980575685	-0.2839734882243121	-0.74701150889691	-0.9545036369157243	0.032048338206075506	-0.15760693014709876	3
-1.506164222813885	-0.21337752611481176	-0.6199507331825013	-0.17156647854658963	0.6268366050786538	0.20655160256449093	0.3063963715078486	-0.06233172424062722	3
0.9849510900829902	-0.4771040684571741	-1.6188570936678688	-0.12435474539116764	-0.6187432857667607	-1.7173000330253836	-0.4760566766013473	-0.053829972365998985	3
-0.028512330166654203	-0.7448207712403779	-0.3270657103416262	-0.45813560822458066	1.0501643569646102	1.3899980299870243	-0.41711514549704887	-0.3548964860629952	3
-1.9622581404198227	0.5803605534998812	0.6428639827111164	-0.8747951318093017	2.5504769384591905	1.4802822885627689	-0.15588671392221384	-0.7074048318040725	3
0.5152719838062159	-0.21123191755457393	-0.9021252058176551	-0.7908542857596766	-0.989733506316656	-1.1078580586833469	-0.09870439372312663	0.40410943119016135	3
0.7738252784019902	-0.8274703536199677	-1.448583542037505	0.5749135919263004	-1.5068717923152937	-0.29462928561380186	0.6553683789399307	0.07497222193852507	3
1.1705921280674356	0.266282549422613	0.9107254654258815	0.39026424051001757	0.3876485319844474	1.706180008490573	-0.7056864597874712	-0.4617337032037543	3
-0.43189702705939603	-1.3724942218880574	0.42073546140614504	0.01905047000976793	-0.014270755564377513	0.12466933078548062	0.6216997206120102	-0.639249262373294	3
-0.3487481006559992	-1.2606572109880239	-0.13516068815980914	-0.29072582705143746	0.6205007523404787	1.4126911887080973	-0.5029366355554891	-0.14983320533333586	3
1.3336071884960314	0.9259459063426322	-1.584402654904665	0.6665732483415012	0.9419124615311378	0.7766074683401144	0.14753119402675113	0.09796840910709892	3
0.3271616298787764	0.10506055377101609	-1.7231261513628218	-0.9781696490580166	2.7214400279996336	2.747926295015704	-0.3157786491444361	-0.2819994003380014	3
0.36522770972210766	-0.4867187929601855	-0.8672602941144981	-1.4524703837774353	2.9774064760992145	3.062871423774992	-0.6319805616194514	-1.031701817554506	3
-0.49521453656857456	-1.9977922867943638	0.33721851604847514	-0.5806864955784516	2.162077846670514	2.6379666543918714	0.10392838242765409	-0.7802661880133364	3
-0.398999288327009	-0.4865751768925568	-1.2640977467816672	-0.19561492223885116	1.520933158336922	1.321817214436656	0.5776816882072636	-0.27550689411287876	3
-1.7150546838698977	-2.1535680670155317	-1.2304484924194106	-0.38098106035364654	0.18863288789397326	0.9250670508600272	-0.4682324300897182	-0.3157368111655163	3
1.3258657705360144	-0.6029610594575693	-0.8340065263783621	-0.8194476815562588	-0.6789654810269377	-0.7401915865660093	0.4530774104288643	0.36865653198654985	3
0.07178338686314244	-0.8796420304900382	1.9453076836542091	-0.5931846249534971	0.899239978127701	0.02954160379199311	-0.35977452247445946	0.017323994132880154	3
-0.4936137457619824	1.971963285750022	0.11326319541538823	0.8596346089599756	0.006824392990349704	-0.16420832751754755	0.5705966764973038	0.17574707384677557	3
1.2153366491712785	1.3095418485703845	-0.996054259800836	0.8717090825491672	-2.3123100252164908	-2.0700237463101816	-0.06032944860842318	0.3782124253073401	3
1.0535068164038301	-1.5735723806371296	-0.2836095691676436	-0.06324091445675177	-0.06794601984668937	0.5624944593237147	-0.0013340868975164942	0.27997884076029417	3
0.6896225406529024	1.6066702814242413	1.350946361340529	-0.4884751971926257	1.2463309748565965	1.50746697001762	0.6144745408662473	-0.24473353568140566	3
1.5447996478836163	-0.3998013642468764	0.7889918764166173	-0.6717161715079544	0.22803541447390058	0.3417168985207506	-0.2658025136723982	-0.5507962735856359	3
-0.8577949360278163	-0.25106443431759135	-0.46787533864738573	-0.9817726035282803	1.2607863149771714	0.8824230446364143	-0.3552906696489013	-0.5962485174751657	3
-0.5186049329062702	-0.17108125958840464	-2.0101517132859685	-1.7595596399409352	2.237240677961002	2.2145135468046817	0.052262111617684306	-0.32391988014224865	3
0.21661695210766913	1.0169405119694213	-0.11317205998597957	-0.2593385310030619	0.9480538975169446	-0.13226044458057162	0.08382197681609178	-0.41881223336040607	3
0.17217089566397833	0.8939940817251374	0.42658002658583966	-1.1659683692252885	0.8009507342058314	0.6071313405428993	0.22543015740709016	-0.18845918309308704	3
-0.9861273578760016	-0.1024745564294607	-0.5204928933653767	-0.04887561121504014	-0.4006255574596141	-0.1867725995236909	-0.32370239579799504	0.19446544553471887	3
1.258638653478471	0.4120709338647381	-0.09246423954526217	0.20277983023505322	-1.818890435926905	-1.2270589198974702	0.06810412407701105	-0.40862404638270117	3
-0.40687137101753806	-0.8020807036355428	0.8608795099996882	0.006246965748837513	-0.6884070507864777	-0.013012444150401925	0.8285233260940965	0.061684831129349194	3
-0.26475554802554574	-0.9523587173823194	-2.2627840409045623	-0.6881436065309152	-0.1552792819928972	0.8914438027047131	-0.16885449715799886	-0.6697541872648973	3
0.16326215134050037	0.726944361248991	1.1678065443082122	-0.09935221302724462	-1.918374653028677	-1.1591071265455375	0.1620779030280474	0.5035419132058249	3
0.7530683330220865	-0.05123442949176596	-0.39467319077292534	0.8837312755570578	-2.892354079088544	-2.378763891788223	0.03476736863286575	0.3769798920368605	3
0.7562408817541523	-1.5344108555720153	2.1013237597624848	0.37249836905675693	-0.23784228022555387	0.39853714976078114	0.0748334527024846	0.1056231326589594	3
-1.4290503573323705	-0.9404201390600971	1.279542197969216	-1.0958903817210324	1.0647316553005632	1.353593273393744	1.3074307903891222	-0.7310831683560826	3
0.43416495038945513	-0.8441242181185897	-0.31309085701670697	0.18441670029381607	-1.3447952987461496	-0.5633812479876943	-0.5838667400132782	0.5547618250010801	3
0.12331598161256903	-0.28851220300062863	-1.9748998600163816	-1.1934545665248995	0.7128358353675174	1.4500496111353773	0.15145913155045476	-0.3227149756974233	3
-0.0014689203250777391	-1.2792814230379355	-0.3874226192537181	-0.13775096034408418	1.8379842454831605	0.9479971640527703	-0.01143191431813869	-0.16687399641776357	3
0.8135726223560473	-0.6935411467762754	0.5479477956984534	-0.9955154751376296	1.810087341979699	0.8897112493588134	-0.29811647764472426	-0.17865219306404193	3
1.2865457331821302	-0.2609265078250062	0.664886444658748	-1.3190429568195818	1.496594375605623	2.7053247090094144	0.007684158106337102	-0.8085955843788302	3
0.41582017554962136	-0.5564183888908505	-0.7147100645074117	-1.2276473376586565	2.9148646942261798	2.5815110847319462	-0.5114188379759763	-0.7663455867734407	3
-0.6823581679517954	1.445319632970768	-0.2900230038972277	-0.9730341310139037	3.466290967107746	2.8621209825526814	-0.20100079162960735	-0.5032824359855257	3
0.42679109631232565	0.08480801418440463	2.1799383173813185	0.23632570297226155	-2.7962888020499035	-0.8559627109800001	1.1578924435769782	0.4509578127119892	3
1.5236378236226449	-1.620613754584957	0.19542812476914206	0.191842073666318	-1.3711845725356526	-1.3111023200548233	-0.2199175146906783	0.5676015659199634	3
-1.1347464889101166	-0.4021632366732203	0.13831184760169085	-0.6332631683079916	2.042341740316073	1.8259274910483128	-0.6376983260149066	-0.5419170507753381	3
-1.811942157547675	-0.04886546654543288	0.3274556031022843	-1.0111622449857591	2.0324767567032906	2.3099289844889648	-0.2812990572273345	-0.3885548617311092	3
0.383037008290897	-0.5375446652170298	-1.743737770583326	0.16576986272354213	0.596906544304391	-0.027093860044740237	0.8805455458585743	0.07462821929326079	3
-0.44340685632847326	-0.7563353433635922	-0.005027018577468905	-0.44529089784293363	1.6722773531155073	2.012294511629916	-0.39280204229378823	-0.6054259643328064	3
0.5025929737230029	-0.6352363946693652	0.5866191131017704	-0.6796077496192836	2.7487538966500407	3.0471154726030827	-0.5796245103679947	-0.7674103977781668	3
-0.4870848669240823	1.0030777493102638	-0.09085193472137724	0.2671235155889079	0.3338898992644723	0.5468230751198682	-1.1895741269015836	0.05307243671471118	3
-0.8787899671774978	1.259827463123771	-1.071325065058356	0.4767988446385071	-0.6593516932043486	-0.6223651079074108	-0.3931831942516869	0.6905409731796867	3
0.504282868600253	-1.5846919329631284	-0.6040206236720547	0.5066038518159266	-1.7613728122679517	-0.7875322111188847	0.09248662491993534	0.7090973508007641	3
1.1924345725106515	-1.2064411640512185	-0.5810475376362486	-0.8955402699522708	1.4771933283641943	1.5120181429925175	-0.12728242300074002	-0.3532772466338642	3
-0.0043182289801235625	-0.060804088936777856	-1.1578010343126999	-1.3906759741453198	2.3372057434590667	2.6453671972321366	-0.6960123189942147	-0.5059586165808292	3
-0.5887837779898895	0.8483565105330491	-0.8548262608759197	-0.9952151392133863	2.688268793017255	2.8597454002668554	-1.2362269587897634	-0.7308153197200282	3
-0.8543192352910308	-0.2196875855795331	0.9382550036127648	-0.7618942475394058	1.5254336855129909	1.2034576822809584	-0.3524275676365651	-0.33349670743191323	3
0.618080773528745	0.008262079763088806	0.7217407125264247	0.2532241157784805	0.1289832533116112	0.4798054133339589	-0.7358706323350943	0.34020120115575925	3
0.5679471154791825	1.7051902501565155	-0.6776776973171492	0.8273317125434552	-0.817677260377803	-0.03603741456721954	-0.04612449694897982	0.3955211943984749	3
0.4474107488316153	-0.31795393702371993	-1.0392221811384692	-0.1926058499610203	-0.6592547724758581	0.014070168500292482	0.6366386905759764	0.1599989576022196	3
0.6492125999348004	1.321769575430562	1.6744340868734815	0.21094092275484128	-0.49364556750465716	0.324074021287861	-1.3055152332090587	0.45587230113525573	3
-0.36269907306525784	-0.9126557185256879	-0.925463719172709	1.0058940707569912	0.18158404774451242	0.5830360043866168	-0.2866959275972385	0.02217755589138222	3
-0.03329925638736224	-1.5784884519430697	0.23729171184974157	0.548460369643055	-0.8666470130741587	-0.3794923928966585	-0.47279324418774954	0.42752954990473996	3
-1.0822508375311957	-0.3388177349815492	-0.8013521877576866	-0.6314732414503117	2.3417634503453435	1.394479501475567	0.13497946738123698	0.1692783659158837	3
1.5468442110098783	-0.8588604779199384	0.17918808088846705	0.48012289090487414	0.7079240070190154	0.915314585759558	0.8447880330443461	-0.6343500896062955	3
-1.3739822046732537	1.0640362889670445	0.42013216358743066	-1.348170378207533	3.2730561616026086	2.6227372216509863	-0.8224613117789581	-0.39459328018335826	3
0.6154530256309928	1.2903831052368269	0.23296006471550235	0.1532167193686862	-1.6407303913503424	-1.388844111014253	-0.06454919492178136	0.25422008753835035	3
-2.8644839114784792	-0.3306144425878233	0.45511124178811035	-0.26896214900099824	-1.1325304933704854	-0.8425733538919957	0.1768031533069272	0.00768992196909335	3
-0.082711375380846	-1.620715612330409	0.0010272120153281947	0.7230565485402912	-2.9230339488775945	-2.082112459388444	0.786293966610469	0.6650340851376043	3
0.15988359858336648	1.5076030890681442	-2.034330975630187	1.3486196002184367	-0.526961160923882	-0.9583829555719238	-0.49687456190592527	-0.15441962376110813	3
-0.01099086873615266	-1.285528452732768	-0.21449524078697096	0.20040807739108368	-2.570312282646786	-2.3771174650465547	0.9171659977407421	0.6226641293429177	3
1.2909795641748953	0.8341893994812579	-1.2715915871781858	0.05735425107250037	-0.017253815792116142	-0.40409465061405897	0.7798552855990012	0.11945882509763585	3
-0.7957943856827723	-0.1809979069643988	-0.9357770023366858	0.6899347141087475	0.5926201510831592	-0.3545766401963496	0.09769580139911913	-0.5404937103454583	3
0.2891825793946342	0.4861510010671596	-1.2219967851312785	1.0887082968102126	-1.3866214926493337	-1.5537181960508741	0.06020197810042344	-0.386591468021209	3
-0.003666689743872179	-1.7499816056964903	0.7435816550730566	0.4144507745976994	-1.026007864806118	-0.42396368112569305	-0.5844100411166695	0.42740540510766833	3
-1.3674571716431467	-0.6254621381958618	-0.2552998320401426	-0.49787925343139894	0.6064788852227478	0.7232488316432713	0.11092428989834473	-0.3715962979725194	3
0.2007494684033297	-1.635575930277597	0.19019108808721558	0.8817522991816171	-2.4044053955323417	-2.957350264205686	0.8255969003896538	0.07532349634596153	3
-0.3564319410455666	0.7141767342469724	0.4492587649168467	-1.0026611866086532	0.22142511154242261	0.21512324968072305	-0.32534062191527835	0.12916208243624247	3
-1.6864390773308475	0.5540511989429584	-0.8231585869344792	-0.015376999839382371	-0.09487476103926973	0.5616087309590891	-0.3060782485721623	-0.19236774852539817	3
0.38154099519510426	-1.447239911670581	1.1811085724917645	-0.47368348846983116	-0.051098394895876864	-0.3249832222006479	0.09954423260103587	0.528241923801769	3
-0.0027417417794604547	0.2645323683858874	2.4888335850405516	0.46753302487427223	-0.17197435675810363	0.20752318949566254	-1.0978571619884574	-0.3518683035966559	3
-0.1707479533928296	-0.07508941388279679	0.3327952558045018	-0.07891080146920332	-0.5056756023046833	-0.9075000223478443	0.15686640265960047	-0.43876297514157375	3
-1.5710166446535583	4.284792790520089	0.9602760151290048	1.5723007597265999	-0.6111866755386774	-0.13714134980756904	-0.3526878220742315	0.07458047056007552	3
0.9715971902900945	-0.1459749550008106	-0.1367392977473588	0.24491583315369747	-3.6723591180440702	-3.332669173988056	-0.8775391392724466	0.7767706496296827	3
1.077359394324631	-1.0194154274630367	0.32630814901268773	-0.8231813574093669	1.9308260834449738	1.3534447421201232	0.674527909816983	-0.14927694380500434	3
-0.510201484904293	1.4265444325528454	-0.4727424825587957	0.4152678458285727	0.15281258400661493	-0.07863966705957122	0.48998150348024155	-0.6391325798847083	3
0.4888415921103617	0.522072120997531	-1.8961926055889717	0.2611376556955607	0.04639652892412821	0.9672198577226581	0.3804183659577236	0.07060131035184355	3
0.20439191894112865	0.20521934923545695	-1.4286031018917529	-0.3877751752794544	0.8120998187294548	1.0842598260474297	-0.09601612759300618	-0.19323122816653243	3
0.9565095855311507	0.6240008807904858	2.8385412111635	-0.5186661494230265	-0.1929997134955045	1.317921321095226	-0.4292856660187865	0.042861332807515445	3
0.5947365419183389	-1.498389477373842	-0.4133667384379439	-0.5837189173646287	-0.5799911416365208	0.12727724811337737	-1.0038147336847525	0.4439692505960702	3
-0.2866388388792988	0.26324770141529324	0.5375594880585428	-0.05247429531811032	0.5040406458237049	0.8016654654228597	-0.5496567792901372	0.5334205241829324	3
0.5667957918775195	-2.6454938118939224	0.6906635841644128	-0.7865292085265491	0.4190880903342102	0.9105372512800438	-0.4453528005683562	-0.0035291459747806286	3
1.2397436774693933	-1.3255631961501892	0.7134063762496289	-0.011154195773159015	0.6330983677133323	0.7744207580490331	-0.6899444588099911	0.22670788530943056	3
-1.1424463668838456	0.4657156793560076	0.7203053395875992	-0.7267174113974085	1.5833764396010441	2.0077280472749957	-0.3597988574300367	0.2060097741468146	3
1.3305202513549492	0.6596349978793931	-1.1200227881154234	0.7755639543316997	-1.3841808943540652	-1.155949120831624	-0.5677404702426042	0.6559024053716916	3
-2.64349382227128	-0.8681985289589362	0.5159328950375436	1.3881932331095248	-1.0062371275238688	-1.2531330553268907	0.12637243249589886	-0.29527469199983974	3
0.9657789779402117	-1.3706077699629902	0.6301087583298879	1.3978811229641914	-4.328956151150466	-3.1495600313006076	0.5929624238263234	0.6949504110940532	3
-0.7411916965241785	-0.342691081636887	-1.0768871872501267	-0.2298721118322612	-1.2891984663994454	-0.8252639317309363	0.7503106995788796	-0.010433139213851417	3
-0.661189292292583	-1.1203124685885653	-0.14444253539077562	1.959532007160782	-1.1054248664356658	-1.808836012650198	-0.442525666830835	-0.19574241074810966	3
0.6001490342472384	0.17107202641083238	0.648920733797318	-0.1620635502615655	0.3538220311785459	-0.24440748907894036	-0.7934549701113766	0.3331710465629129	3
0.10887577156448042	0.6442694605516391	-0.03095133020653548	1.0987043977855457	-2.066300702579511	-1.4755507603525981	0.14665832886439306	0.682897097682897	4
1.0296780868813804	-1.8272302637287052	-0.20038747008073624	0.627303658450572	-0.43529465437822634	-1.1462079784952461	0.37332410232148916	-0.29831705650781615	4
0.09757703852880902	-1.034162500500468	0.8260440905705713	-0.5680158574882538	1.524621338360817	1.1729598327334203	-0.7379373480528644	0.023893210898659256	4
-0.029063576829948683	1.2910995868458433	-0.2259840247188349	-1.2523478190847812	1.587477144940566	1.8130732287947253	-0.5085300560899788	-0.6975634077942912	4
0.6693663032998693	1.4622756127784593	-0.7012193247384128	-0.2263033696576625	1.379259394219537	1.5127048881915333	-0.3310307792378552	-0.7014755116928844	4
-0.9877014672081202	0.38464975993494543	0.24501186816758866	-0.0489147864797424	-0.1230657002547712	0.05502389973341415	-0.029472513646828936	0.15324615758266413	4
0.9969763150695541	-0.25737814344997983	-0.5741501355262256	1.1264835698438778	-1.867066415515592	-1.0623042103178155	-0.20165240486378638	0.6280815072047166	4
-0.45624007728302496	0.8823943424302693	-0.2793802182238069	-1.044191560174688	1.4189007791376012	1.2464323430611612	0.20789373177999482	-0.7353769876576133	4
0.5394247248820285	0.9667208372702011	0.8955837656735696	1.1237378759627488	-0.02657726931768184	0.07500841747714213	0.021234394206058854	0.2895403450631029	4
-0.643292474918654	1.1694287208958836	0.7900504126302623	0.221387236906453	-0.016610390082853976	0.4630249270130258	0.47050435589909545	-0.14217249817142838	4
0.53074674208001	0.6501320098649991	-1.1005177383794058	0.2189440101565241	0.25189437151823324	-0.46379122172483334	-0.8415233872012953	-0.00520828878374863	4
-0.2515144119258465	-0.9582153381932611	-0.5142514268885564	-0.3846583961178618	0.6967755717853636	0.4183547111155246	0.732369481206707	-0.018193098122687074	4
0.7007770375690826	-1.054962739079853	-0.7692856944525764	0.5893106678499157	0.6954203449788262	0.6532867160667856	0.6451252100846129	-0.23349833881025622	4
0.8109268113573803	0.5766117974000708	2.130887900228026	0.19513969481708512	0.6743840595536981	0.23827256531279759	-0.10729756360705284	0.49095400856409643	4
0.34283775068320343	1.029592765328422	0.06057821264509345	1.2404775928322236	-1.8198577425732656	-2.1187360390424437	0.7529704814532341	-0.307792328602141	4
0.4399222637668227	0.2080942349802373	2.0167607919172785	-0.8606804492957528	0.1525676035095268	0.5498762688521684	0.6062424076911657	0.04129296684621092	4
0.7725468995155523	-0.1697321713798492	1.0695460560599246	-0.03057629734573547	-0.6570478807461855	-0.2384214667529747	-0.2275590320167106	-0.09108380814629123	4
1.2561210786305963	-1.154829574442122	0.324611881578615	0.30697256128726746	-1.752030690979519	-1.8203545488146489	-0.4421825090033193	0.45441766552921553	4
0.4109782149857673	0.30817295093296954	-1.4072434496419723	0.18789517338196388	1.423376300560058	0.7645658257040047	0.4608227454598394	-0.20678840794997763	4
1.5177813555313704	-1.3376830003908167	-0.07428718180067656	-0.1948956574976799	1.0490418939938935	0.07068175966027149	-0.17313119091072127	-0.3468679214346878	4
0.3026199425263163	0.2546458789488843	0.4565617667549031	-0.5956323026485631	1.0272753591117036	0.9815516779575644	-0.8254905084852221	0.014781213045758995	4
-0.2846166672910182	-0.23100203230376207	0.5299458943093968	-0.5966413816659377	1.2643270475227326	0.8734615319564365	-0.9421903032681485	0.06316913173748961	4
1.3521829129088785	1.6077767499632543	0.8919970497184168	0.3345187757816619	1.6905041688021296	1.8376736749672773	0.04499411325962255	-0.02033551993244337	4
-0.38588424788048553	0.7171268386722652	-0.2141702713203915	-0.6839642775350805	1.6122799769324099	1.104884821615233	-0.6476039414363178	-0.20847113204779746	4
1.0883134786478499	1.8054453786912712	-0.9411187819793196	0.8477632821314877	-2.5174040115350316	-1.7010867828697633	0.6152584182541463	0.9050340693190901	4
0.49177523960747294	0.12914411615230623	-0.9810820500343749	0.6287725892056955	-0.43036145905132284	-0.7583255577112282	-0.8066886201634378	-0.12852900152614435	4
-0.4754184474159472	1.4733651016268265	-0.27285775708705956	0.018880857078409044	0.5851390942830313	-0.1415207503205199	-0.1118283327460535	0.004217122767585103	4
1.3534352623233787	-0.6260711562435769	-0.5304662922786382	1.1994589468680763	-1.0284191370508593	-0.5285246890816577	-0.06085795010519429	-0.13789891259066686	4
-0.34393015288306183	-0.8433348529248447	0.12145512567501666	-0.38570250169837034	0.6333754403765006	0.8857814786743617	-0.7230198395560983	-0.40805683678118493	4
-0.45187843388347626	0.8867978230276973	-0.5086836355536423	-0.2838071387572087	0.8716944828480526	0.21293717352403616	-0.07871335756522592	-0.36669874088502086	4
-0.7658277726164593	-0.6677463628684074	0.8592483005209864	0.3117301751677992	-0.789814469991853	-0.5200607010996975	-0.5729281254165771	-0.1424848356772507	4
4.5111641018256315E-4	0.5547302314359358	1.30118314770928	-0.130085247259704	-1.7196185944258677	-1.5226608709712972	0.22107322083425274	0.08586546838591126	4
4.957641748541811E-4	0.7974024527720045	0.6476688649195306	0.7819015670717091	-1.3831568848508626	-1.678503984207017	0.5052913471691459	0.49613015441368796	4
-1.5464703296112607	-1.1206141844672342	-1.2544658072993635	-0.1004806480302537	-0.8960517816412219	-0.7751904907410961	-0.32316952167094104	-0.20645966933807616	4
0.26854355757507353	-1.2754788969015949	-0.1907262048316015	0.9902902085671692	-1.326131863929531	-1.3589914535922982	-0.5513957062318214	0.21239599710127827	4
0.9019415452246757	-0.5624455717041701	0.4508611370822428	-0.7880195522133039	1.2674253251345688	1.1887843818861705	-0.1366294055260759	-0.4073513732003461	4
1.9281180312156418	-0.4967919040324679	0.00971335547646397	-0.17495599029589778	0.26605676483234164	0.09508568719408206	-0.10982209074256172	-0.13202879461304076	4
0.018301819810103623	-1.2044487431808644	0.9376037740287814	-0.6218128882636978	0.8747087247540466	0.937567541565467	-0.2823328928461985	-0.06332004493084839	4
-0.8480894356552214	0.19391924307851888	-0.5155601448171205	-0.782133688563746	-0.09659022405895545	0.15079727822650263	-0.20959135140168067	-0.4960596169715327	4
-0.7315718753333746	0.007617585837192436	0.7807934187870995	-0.3566977716670227	0.7735823910219429	0.46054685361414455	0.35167927219420625	0.11830682272610177	4
-0.9593647679797717	-1.5612711045414465	-0.4193772249009312	0.4524781342763565	-0.4226270695983781	-0.9112104619547575	0.5159372988454113	0.12880813874915636	4
-1.9909897221360564	-0.5217135820798734	-2.175376089463927	-0.7844905605283513	0.0026904104506549065	-0.1731370361438505	-0.7492521808256395	0.4040380372558584	4
-0.8982109607019922	0.8118758644699822	-0.1727449182914605	0.923369120286192	-0.08149122738660661	-0.7523462756595778	-0.4662443617091788	-0.4118761058959777	4
0.43264701127125466	-0.6195797921338847	0.5238924043961104	1.0546750427494103	-1.0203562053824031	-1.0704942000700475	0.3663947389929801	0.05035028850854045	4
0.9670246764636187	-0.4584675261100422	0.757320470764935	0.4207131245756997	0.4734222769723063	-0.22229657795029414	0.14486147589782455	0.41278807887034746	4
0.6417025689897279	-0.20775515848169807	1.4183266523825566	-0.015424951799377085	1.1367249252678695	1.760977370426762	0.16662904997675226	-0.39359758412462054	4
-0.7913299850482788	-0.9927378428105271	0.7541203215380924	0.17331646496405978	1.0396263485201866	0.9156646200703176	0.2780604217440969	0.052546967860607946	4
-0.5571976217932669	0.1801542035685698	0.8502087451574053	0.13295250874091957	-1.4350984057147342	-1.8639253426666773	0.39470169830498736	0.17293421627144256	4
-0.5488023730678508	1.7188111649511038	-0.5780727442864455	0.5441527064355087	-1.208695946998169	-1.1617114228014518	-1.1167203476534837	0.4171793749855508	4
-0.06767737790241982	0.723236540738422	-0.7181160883563965	-0.7324728724347928	-0.9102448109622133	-1.1895165681394477	-0.1804858566511423	0.6273898775440365	4
0.5162452304442846	-0.9321002537777774	1.8090856296142988	-0.1972629968508844	0.510445594258177	0.6944997000821806	-0.3186092321904106	-0.21424905593872928	4
0.21832199861042673	0.7635750986531269	2.0951169243077374	-0.03407764181575968	-0.14487615353133138	-0.6039854146217593	0.6847414784028479	-0.14342210245619152	4
0.13856766005352186	2.6129846271354533	0.16804617223732618	-0.09140317290330158	-0.43644711576005046	-1.274002309919957	-0.15807487204328213	0.5565936293062916	4
0.20184386943344013	0.7049069376989076	-0.1581851299112325	0.7683072144735804	-2.7189302103363793	-1.4396668028000406	-0.10828796491694208	0.16106194335805793	4
0.4957787493061967	1.9417978057038991	-1.162192564677499	1.0888301223069918	-2.1992596619497973	-1.6705993775226902	0.28503155078246395	0.09588170911521446	4
1.02294940719558	-0.3307957459274976	-1.1686990880579367	1.0597608961035012	-2.8757711030568207	-2.2683393298143666	-0.12240311763461836	0.7186692274350881	4
-1.5401200419423515	0.9862133525866454	0.2787633317354257	-1.9079882754777927E-4	-0.8272366233815205	-0.14499108124399035	0.14380789016518228	-0.4263078925026227	4
0.9540066232536	0.8594175135769229	-0.03030422689503538	-0.09462264784208235	-0.8740902908543039	-0.36330862365145195	-0.733608785080427	0.008707643640464169	4
2.4359957580087865	-0.22124155271409537	0.5858694367128254	0.7144517339505128	-1.5052507125361916	-1.6406259760076414	-0.5301861681895514	0.02685503791788546	4
-1.4099161792020247	0.7425527331810403	0.33912928982090285	-0.4632015837059162	0.4279148296921074	-0.15974711091319094	-0.6953865328105926	-0.21951898144621473	4
0.1708497911937636	-0.30060600073892224	1.1263661096022612	1.501361309928628	-2.0073380094747524	-1.8181736040992182	-0.09390455447406842	0.4712774183667637	4
0.1560891621922994	-0.3686255907282728	0.9219101940294924	-0.20139228825874977	1.3838697742455	1.030365641129469	-0.3030679187169438	-0.17113709432142957	4
0.8519656431618191	0.044541989552900764	2.386015043463072	-0.6519361056897962	-0.7031303663172241	-0.5961559603020349	0.8026612880629028	-0.33042841696700237	4
1.7645606735119534	2.0272901957234852	-1.332558867591445	-0.7796408922919874	1.104982778099569	1.3023912720329045	-0.007640686541873762	-0.7570095778200627	4
0.29826854288133253	0.8427251571746998	0.5394042378083357	-0.09190079713955412	3.4115421196734226	2.7948253828951812	-0.3171745258412107	-0.6954825725744149	4
0.5662084665617405	1.1068063517163733	-0.6683300362837683	1.184322163964942	-1.668462307277542	-2.377855526331503	-0.4252910199136194	0.4043034277116583	4
1.7740736286495022	0.13409547971107041	-0.024854181144177073	0.8846998657988681	-1.902399505343448	-1.8085724503319127	0.29670661862965275	0.11320927582663556	4
0.2351022590691928	3.0030661570197745	0.36143999160162676	0.035091471002878905	1.0856140158469854	0.6187777306557894	0.295467748857869	0.10531683723879431	4
-0.10478850094649908	0.5328546061513914	-0.6667182175910037	0.10483333729430971	-0.4437862513821039	-1.6086760025903533	1.0443481754532655	0.4797037042769894	4
-1.061297039077252	-0.053851620650471686	1.0621675278500837	1.0921838911967159	-1.562644863165127	-1.480643547080167	0.1286872861384404	0.29283104007513017	4
-1.6424789605494257	0.09467007853292195	-0.17126314471770987	0.48705311890898106	0.31864366307817543	0.5180940624455739	0.14702838566277768	0.10494055860749218	4
0.03295534434774953	-1.408489084954903	-0.6544919827187152	-0.5125898096315569	0.44601816591534643	0.17364852246693815	0.22043884901662233	0.24785903879095622	4
0.3027657478535474	0.6469339782363885	-0.31969004980827226	0.5073415018201333	-0.3532620571322377	-0.25794066474716143	0.2918698339024275	-0.032781389307094344	4
-0.8612979846659414	-1.1746340527837023	1.170223635159219	-0.42711986880526637	-0.2551705253004739	0.24291493293972238	0.2926322049704731	-0.11574164839692624	4
-1.530213684837975	0.5243128214068437	0.406969357753484	-0.3253237872645166	0.4792720390282408	1.5729432350476484	0.059334629036050676	-0.028103621579217197	4
-0.44587756146312607	0.4333336181744506	-0.7215642792994843	0.6018824330336437	-1.5670011963563264	-0.7412844914310743	-0.2511585877678118	-0.3230897783814406	4
-0.20492881167331237	-0.128876188220703	-0.4665547897459215	0.5140356534261068	0.423010571678879	-0.24811598988292607	0.9098036956969828	0.29190066759379707	4
-0.10076798553618066	-2.096446538089567	1.0134513097645947	-0.9044317058995256	1.4233316352255725	1.745213866063812	0.4769640528734276	-0.46829000385788994	4
0.8565246343959211	2.186781249479908	-0.23346602906462685	-1.4093535255303387	3.188782751584504	3.1645270481528933	-0.6843190170442548	-0.8373728806218391	4
-0.878846621623395	0.4647834247170987	-1.0812438027619349	0.08190803300795974	0.842836319147053	1.2858323597933088	0.32880618704924025	-0.7331607310170876	4
-0.18160941980952058	0.8326484808157224	-1.589796841496558	0.37016471139859863	-2.237460280461434	-2.6275650519067444	0.16368732489864635	0.11618526929340961	4
1.3583520679410965	1.1815594073852125	0.3350909869458674	0.5363525354130022	0.4735343917092923	0.3044770994965306	0.09707457729829819	-0.09933070075669602	4
-0.2312270217584742	-0.6710317473206651	0.08986437700767913	-0.216992088204693	0.7176327316618527	1.6893555710907315	-0.6817396736171953	-0.38680279670256446	4
1.3615333795518068	0.7728299355876955	-0.5587920196964479	0.16054078478728143	-0.6638661520235531	-0.7814638783202379	-0.537060988498183	-0.20150716031311705	4
-0.40412832278479877	0.2859553866417564	-0.6961656108389008	-0.38867778333666925	1.5834328882585051	1.5774481607978412	-0.2638606734836944	-0.581879652251879	4
1.9802407531439359	0.3434534033469919	-0.7568627679855588	-0.6462955249681643	1.3912125255914611	1.5863857207244492	-0.6061529910642066	-0.32477037867014	4
1.2270583408155264	-0.5590344033908522	1.0951327260492596	-0.5545494061204144	3.673190713842403	3.47632975930918	-0.2822012896063752	-0.3272817419525661	4
-0.009034488585647826	0.7603262658256197	0.6059655749248282	-1.0675222673044886	2.7136408324859556	1.9439240297236535	-0.19768625757374536	-0.24899023416038016	4
1.340258933980604	0.5865538895991245	0.5339603722678625	-0.30415137659372943	2.296974140135183	1.6841066737804722	-1.094538477429578	-0.2543109531881237	4
0.1588889519186443	0.5385436769494679	-0.9503147393641651	0.18877039010525432	0.6589393456109446	0.4236139562402725	0.3623226015438983	-0.0452967696685664	4
0.5423580017722452	0.7418041639927955	0.6919447994562722	-0.9479254743664212	1.0142685038846224	2.1507811926769724	0.5619690539025838	-0.7578492302240938	4
1.9439316040029684	-2.0355843620164267	-0.5695580274269254	0.4645249933708685	-0.12106491891123808	0.0322832706857004	-0.8748965150228932	0.348925131942038	4
0.26114887557624705	-0.45418148481672466	-0.5738802864471284	-1.3992222556557379	3.128407411818496	2.573136816565708	0.24903694276156596	-0.6127272333591255	4
0.21536380489511459	1.0557769092735418	1.087436796498213	-1.1510948710818398	2.1167860855910066	1.0806485190611512	-0.32950921174792125	0.20247931033819433	4
-0.26827615286183065	0.509164175342635	0.5342975730417584	0.07305107715174157	-0.34524237018031545	-0.22017051149306655	0.27278776580977687	0.18676797723624	4
-0.4206572318914676	-0.49783792324141	-0.8973184450876309	-0.47432268977418834	-0.1856298546261319	0.15344670132459798	0.7282063051566188	-0.27266867142367185	4
-0.7548171368987008	0.29206722153401915	-1.8129909000345166	-0.14896567014501338	0.9918707170701175	1.7002007187595531	0.32131961681384613	-0.6024288340273689	4
1.4296397893724517	-0.2202600720184337	0.2089424603315727	-0.9852300208676086	1.5690240494958827	1.202130631981867	0.5823538771701501	-0.3872037011768325	4
-0.9957985711052874	0.9273980245470802	0.425726809462025	0.03819874147612673	1.6145790209943909	1.9279875004248912	-0.5519618449648874	0.20653791356804074	4
-0.9888828397412465	-0.9308994871570279	-0.8053748056160025	-0.1454268496287086	-1.0974203018754083	-1.1747293622177537	0.3387391672666988	0.5478498565485412	4
0.9367360969988234	-0.7307925842207568	-0.8440762504239723	-0.10673846927483695	-1.2026233603390002	-0.20920749012430545	-0.1471329208735731	0.27630778612403006	5
0.5858445815214336	0.610198171655026	-0.2619646524574149	-0.09462642994301901	1.573430827617692	1.2688914918362135	0.20448985523832847	-0.5272351912691199	5
1.0628459944630162	0.5698140015686118	-0.07908991263736892	-0.20107036580509313	-0.5043000154794943	0.2624294550866079	0.41601408013753044	-0.1767658726384613	5
-1.418447107340357	0.6609059803250059	-0.7473741626253705	0.4194689185818359	-0.06625403749090758	-0.5513779002411097	0.48048126724861734	-0.6910563166063255	5
1.0502800083362072	-0.6607060687415465	-0.5915344420237776	0.7230787834424299	-0.008422516156969984	-1.0496194060959474	-0.4248498493754558	-0.07335155879614624	5
1.3358343326392679	-0.1894979369927748	-1.9508189610764326	-0.6950429029108626	2.7276141092100277	2.358092978025208	-0.7369783250989568	-0.6516615668907245	5
1.949335712043377	0.8151494669081348	-1.01325424609128	-0.47294686988616513	1.0488295565847483	2.1375221021248545	-0.660878052857364	-0.020107507221953036	5
-0.3549561540136733	0.557713292990933	2.6728440841540713	-1.3722341376451719	5.13665741850639	5.270628383885921	-0.0048862608143896424	-1.6336841468849153	5
-1.420111143102826	1.690928673961598	-0.9386102935801403	-0.6258570992159004	1.6060080769059757	1.2369220605929647	0.08582451660964162	-0.6547151450021325	5
1.4289211422483952	0.8526093333831953	0.10494289678264192	-0.5064853341559137	1.0904214570272248	0.7412843790208901	1.2556802152192543	-0.09524367703309809	5
1.1774270705325895	-0.743818598695254	0.7653961528765618	-0.9127054496299856	2.8581560551272744	1.4817928811556633	0.03539486231632498	0.006159674469588483	5
-1.293406908955119	-0.02421812555361268	1.0592665959662284	0.4014565589132108	-0.43717694023191517	-0.34654966017928807	0.5265758004682798	0.005207664166082683	5
0.3336504102113451	-0.7236839163599373	0.25415636069148806	0.9001964669476521	-0.9922670938112534	-1.0717789698864617	-0.04892020840433241	0.1976935537008366	5
1.2564224603511909	-2.164881462527528	-0.697395994162252	-0.3924713476502079	0.5484389936327541	1.186941395873875	0.6171279514861359	0.08726367731195081	5
0.1865243531485701	-1.3299455330072503	-0.7782055310317605	-0.8892985987265165	2.016797318728631	1.6321651209010417	-0.04769508269949005	-0.6937352171735163	5
0.29035271285244907	1.1078697079011504	0.5587481160863302	-0.8096956083968498	2.6205240756673644	2.3052593828764256	0.3021048931909974	-0.7329484500319614	5
-0.32202568330176085	-0.9416896184892708	-1.468794936391943	-1.7111211834764246	2.2862559378831535	2.4001082741787423	-0.39456346384720087	-0.49319508910764814	5
1.4388106384948887	-0.5716532785844767	0.0717065600955302	0.5920340712348163	0.5046162436515138	0.04868158472410378	-0.3230746720719886	0.1395223223007688	5
-0.22791948218118663	0.3278679795505004	1.0651078419617857	-0.4371478750911668	1.3810518239204044	1.4743211114483623	0.36546489573729535	0.11495535502306686	5
0.24086599429986633	-0.831286334019383	-0.9775391807934375	-0.14067987152778258	0.8899410111616883	0.3098654372671574	0.38167793806530637	-0.591994159836226	5
0.11243677194858456	0.09517901457091162	-0.22239503418153564	-0.9012120815446815	2.268450642449137	1.9467929406862168	0.8647410586537698	-0.6981781429259948	5
-1.486762812236038	0.10894750769372155	-0.1458455413777535	-0.8580994410449145	1.0773347236931303	1.3376360252867388	-0.6685897077377997	0.1781055549968063	5
0.5716674016381879	0.19382709562588943	0.9734869005299315	0.16296623381074588	0.4453014533343406	0.2317210209724182	0.24674629143491678	0.06175554644419406	5
0.939575880399791	0.11162254802342013	-0.6341528510669917	0.04784047419995316	-0.8181897965482576	-0.6139236664064094	-1.0844174680599405	-0.00802067824020708	5
-2.1413906105657063	2.5489523171763415	0.19285361803512008	0.3638794443372957	-0.8477165606208211	-0.758712818245397	0.5904982129284717	-0.22832697551638917	5
0.1334812026118207	-0.8640113508910577	0.9104163639666354	1.2587404783538538	-3.3051963506409203	-3.391964150579408	0.6060683328134098	-0.09066119728550359	5
1.3488089502969423	0.2330409617225818	-0.053757256378569596	2.3292392184848127	-3.924013963508299	-3.308387263705256	0.24420969205986456	0.8243423530141287	5
0.6670502588113704	1.209449650083224	2.36892624534942	-0.5827069257700737	0.7699921225313637	0.32790183983714855	-0.10899071821923535	-0.3961822344511672	5
-0.7185180668061439	0.01100276884400647	1.3787162218792701	0.3179077816295279	-1.2988237823503517	-1.3750391138016247	-0.3497478044296899	0.32302081548002853	5
1.461715242077879	0.5385857733196294	-0.7818300602258594	-0.11410076440352228	0.7384549368244372	-0.6299876397416229	-1.5264557931428449	-0.1518041188717446	5
0.32591005188076794	0.6814199975771552	-1.1478064817757765	-0.23611342567032287	1.190982994996989	1.1734746245501975	0.2048811320936772	0.050886212062168534	5
-1.8208714764810052	-0.8172276057637821	-1.451539328574832	-0.011196175879104597	2.225600263969548	2.2649951227852716	0.2746705275788105	-1.046921111078151	5
-0.5621141208803923	0.09847385234967583	-1.2909775764842781	0.6658761420228537	-0.38413833773973727	-0.6874291911698702	0.09675086285088208	0.24544227173501937	5
0.556341262084241	1.0057826176368132	0.8686095914720119	-0.8619945274601388	1.6779205961112698	1.4531839735584224	-0.273029166550284	-0.43594807440523375	5
-0.39877591804555695	0.04994082042183117	0.4436873943015486	-0.5479736541015089	2.0658919822211246	1.3523096495000624	-0.2331715961296427	0.5413205533065273	5
-0.13584025596753097	0.23608586968268913	-1.6613155394949741	-0.08354062721136826	0.42642840997197495	-0.5772149501516558	0.21902464830096818	-0.23209120056117333	5
-0.2033071992325833	1.2741457485516772	0.9920086178755493	-0.30271612217447313	-1.1262084771662368	-1.3566849338519782	-0.012366332747781428	0.42217156028465896	5
-0.02795686093956686	-1.1422060502133893	-1.20620587117441	0.7761923447476906	-2.062165554173101	-1.7655938521488268	0.16258267807391846	0.24173222933501376	5
-0.7142772188923311	-0.2205177092774311	0.5904275273200688	1.0102069982386408	-0.5687913082597286	-1.0927538833184567	-0.08360403835205435	0.3239840468338705	5
-0.22716757152756095	-1.1054060906042904	1.7813648832276254	0.9231008524349562	-0.10909793882326524	-0.9842974892118117	-0.011761236912328832	-0.018315027822015384	5
-0.2792137095095695	0.8198092580738463	-1.1765045275487271	0.33673263433380407	-1.043702962699836	-0.6147232191398697	-0.29967400719290527	-0.3885084519709041	5
-0.22166634955081213	0.5320244600737329	0.7229459385215208	-0.13085564139372657	-1.6760528571340516	-1.6323424586317015	0.218149419183468	0.08778509334139148	5
-0.1253745387958798	-0.1727342002293726	2.9276240776897033	1.567685415376215	-2.4777189730357496	-1.4399159906121008	0.8830795861245401	0.5416039130942075	5
1.2184476412903038	1.1648632636624265	-1.548601456921141	0.313211725008654	-0.9052638890066451	-0.7941495146758502	0.5871141280505765	0.02527721845267636	5
-0.10596414743973506	-0.4054543294437746	1.0978208208381335	-0.963801857087005	0.25447812128561087	0.046098953480563865	0.49481310337087697	0.35639296792347075	5
1.3489581969583748	-1.139955355273218	-0.09271335694800838	0.6727274092206029	-0.9553082183807345	-0.40482461205527787	-0.3577461012543762	-0.029785652045263067	5
-1.2218530949995883	-1.6398520349303123	-0.6813327405764079	-0.3788383554595836	1.6449489103178672	1.1348141202234876	-0.10841317025917277	-0.10571803561486014	5
0.011112055250392845	0.44295895174420286	-0.5691117659944016	0.30779723067858933	-0.2763522376553371	-0.12369394720394825	0.5026876899591944	0.3030197434949607	5
-0.8970807863732099	-1.2972842193925669	0.47965695849651463	-0.055575086852852174	1.0136955008199833	0.26388341585720176	-0.3459115260329639	0.1589673521948571	5
-0.16770310141275158	-0.23458214092931715	-0.7646098214146734	-0.2725930048583707	0.5234767779602773	1.022571435974083	0.27253049145546615	-0.22152555517501082	5
-0.7939022307250485	-1.4937253252339917	-0.06409621325668946	0.4562246941705843	-0.12633146646745286	-0.9780663967549186	-0.01587324547831609	0.7922749973005421	5
1.9225004314545981	1.4594619507108724	0.26686379776254404	0.4441635574754672	-0.29284441718833876	0.09330299060940594	0.4757252234304511	-0.4957677679196292	5
-1.1817650123951406	0.3522092973586323	0.1668420839182711	0.9594416626351276	0.8251738065532954	0.11992100551958382	0.0339493897624026	-0.08946626336939446	5
-1.5352601361408145	1.5895894914416178	0.22695124064682606	-0.8451368576575073	1.6428116105243085	1.4227206946054662	-0.25976360134671467	-0.9066400125933242	5
0.5200642213362394	2.014315734688345	0.4787819559903517	1.0020050625949217	-1.6757866852062393	-1.2589180313513948	-0.5259637582397731	0.3917125907610327	5
0.15938601031748054	-0.031939536500593876	0.6471319947146758	0.36043864799501807	-1.726087391008131	-2.161843794680089	-0.550526344480694	0.7315915052474025	5
0.3134867916082521	-0.24985608952242677	-0.729842110212842	-0.13348082709025316	0.7273238292421442	0.9380557190302632	0.13580383148683056	-0.18752431600662883	5
3.6536075514720747	-1.1504182714451032	-0.05296129078486165	0.17152166520743375	-1.2738190962514842	-0.2802158756774279	1.303393480509247	0.3641320983129615	5
0.23266290512322052	0.5772463878658218	-0.48366769877581023	-0.6524279921175222	3.304424597868343	4.0356736386959335	-0.515861420148164	-1.2140710521104432	5
-1.0029795252302662	-0.33996660915329	-0.5031053116565799	-0.29380684847325006	0.8119283570057072	0.8005373386510839	-0.38943551114460134	-0.3375837512635357	5
1.3203522776565226	-0.5396521601613883	0.10158222819510841	-0.14593799229152282	-1.8535734718145946	-1.5044091171225948	0.7004238892102015	0.4023557639613138	5
-1.7678020982878577	-1.1077680493859998	-1.3595846670239364	-0.5417313531482099	2.9497560269618353	1.8677617813961511	-0.4374380632579379	-0.008960116935350815	5
-1.2208294732341534	-1.255835160856368	-2.1118178706164716	-0.5689488056119618	0.36103654229356963	-0.5252775826710155	0.5267684560627827	-0.019983657753352188	5
-0.5584819898467307	-0.26081128989629454	-0.4028327279141955	-0.3437931601064418	0.8275395252489932	0.1265039055328118	0.18389471453521933	0.4530623540531786	5
0.07722813642882533	0.7549501861874602	-0.4371386211697781	-0.34460832881268477	0.4204465426011147	1.869134590568836	-0.6685590687441167	-0.32751822285165655	5
-0.37243866448089774	1.1342181474779671	-0.33469560161509015	0.7248417374419461	-1.8352289765833427	-1.4472623066311645	0.03782163277080843	0.15950617144488338	5
-1.954184700212171	-1.0533985280580378	0.5378274430028822	0.07749588683868466	0.019180839677204305	-0.16641515080516175	0.23079562781702964	-0.32020573092491633	5
0.38105667406124305	-0.06672617561281245	0.8037922545270471	0.4938765753626281	-0.26746932246076693	-0.6037216730070007	-0.32155212107558434	-0.39367019326155944	5
0.07698483901364475	-1.2119790480728765	0.04475593026993893	0.10195837318361574	-0.506011379183298	-0.17285685886094973	0.351054629140357	-0.24872111636446276	5
1.449620516223548	0.304198233054576	0.9024901165424627	-0.9502779079758739	2.4854851386141696	1.6128864508646752	-0.5571276073144873	0.14902010347325473	5
1.03853762517987	0.08865262032152196	0.3892360816742059	-0.5167569615170671	1.3258888535804454	1.8468225994812633	-0.7846124306889423	-0.5367233004316053	5
-1.607659680426604	-0.2606749162612676	-0.507971833299563	0.06752497698912752	0.7982516214989906	0.8794428843820337	-0.08129524605124488	-0.08160406013995064	5
0.09654922671945113	-1.2630945857055493	-0.8270512185269127	0.8654486687310425	-0.9003309607443252	-0.9553315531112752	-0.21722480925461263	0.0112145212786742	5
-1.690602089377859	0.259790244114915	1.2866176346475238	0.1479846143880068	2.291895075799717	1.9300390779981051	0.5334492963948763	0.01337047846600764	5
0.29621480820128143	-0.39359091682058905	0.9563381132839347	0.20621134638837402	0.2732787068271401	-0.17596346552940229	-0.5285304459743818	0.054589946931987016	5
-0.4286879505913629	0.15033500369713132	-0.6740211386766436	-0.6111802878853319	-0.08246556847302772	0.1138042867039018	0.6117782483184062	-0.16561851720006937	5
-0.7354630601021614	-0.20995635129074647	-0.9331076029200058	0.3056764456367048	0.34358921623589533	-0.33103533773905086	0.636590603352017	0.49652201821788994	5
0.03006031282763079	0.20175919056492111	0.03187551427201085	-0.3480901209726655	-0.7693806034714942	-0.7117114647738763	-0.09159126556831212	0.12459045484902748	5
0.299940854401873	-0.6610121087484473	0.04556045063220166	0.3125822994999088	-0.0014723596262570804	0.11688780282137218	-0.4758244393382636	-0.324766466470443	5
0.29415044104725907	-1.0606147928390952	-0.07413254280104536	0.1297578036116537	-0.5373073033209762	-1.293241659762022	0.882339971259624	-0.2242210116466468	5
0.4127506192213286	2.9753761226689477	-1.7738285119585806	0.36246758369939747	-0.5167896152787028	-0.04063743068179043	0.04952494381674585	0.2822263779566776	5
-0.5553381808810438	0.6427881997230501	1.6586747820343084	0.4829587190577907	-0.8605656901528849	-1.1655076840637135	0.32893902986341883	-0.23251497760570417	5
-0.006156387635260257	-1.1170490359093175	-0.45456846957736763	0.4152712204672544	-1.8916342525924699	-2.0527927244666055	-0.2430757227177444	-0.09859376601652703	5
-1.4735569433973257	-0.4657950439685302	1.4726134900564496	0.0825706945112874	-0.7522887777783929	0.29753579853719714	0.48340084095413627	-0.44968154991619774	5
-1.4584761233482468	0.7298466236508114	0.2372388934378245	0.9987091112941878	-4.462984486412706	-4.729576896775386	-0.14610317634117936	0.9335355902079183	5
-0.561478899217586	-0.6216606501095727	0.7180986846087626	0.9058076953877081	-1.1310075134630546	-1.0444838747974474	-0.11691291981061384	0.123583127847824	5
-3.408891739352711	0.5539898553267029	-0.42228495315027154	0.18170822446781348	-0.951122075543635	-1.1145135905417043	0.5434891407193044	0.5242737829053102	5
0.3097935266535483	1.4866468871211937	0.5904855342332572	1.3597136877972231	-5.076299585156352	-3.734205678140561	0.259773452258336	1.195152889704823	5
2.690221370822952	0.792711874570074	-0.8444758652296234	0.60923325460063	-2.492331983203014	-1.7598702376177169	-0.03279157574425079	-0.07632248374559947	5
-1.509896626301024	-1.438885597448528	-0.4154912918735947	0.16537939680470481	0.703651207541019	0.25547195968854053	0.2391937321935432	-0.22606036234743904	5
0.7576247746557304	-1.5124606651097388	0.5378206504383051	0.5484454453584734	0.44114187275527045	0.19194771842793323	0.732840374300745	0.28543670517958886	5
-0.1343995069250567	0.7726096107915081	0.7829678730576959	-0.7403982276682766	2.3769373029280105	1.670392741047519	0.9482861037232186	-0.5273135825668429	5
-0.33462767859926107	0.6423666150977915	0.2028154222157337	1.4834444643822677	-2.3928071936838187	-1.2401321509671916	0.5614607063160143	0.5149263327401595	5
-1.2689615023594523	-0.16840230591133046	1.3901119534815658	0.0731814881809866	-0.1708359564241652	0.16265826113530696	0.6609069313398503	0.10878217560289447	5
-0.2667367998587348	-0.3295634906536725	-0.9041591632209584	1.3661642427088445	-1.2090524267329723	-1.9137925377546163	0.591262554580398	0.512045419181544	5
0.6002567787201127	1.0827443547564954	-2.0015224148487327	0.1853891268850906	-1.180897357213361	-0.4026911196460309	-0.4637357700913009	0.3002884033267172	5
1.5864246387349787	1.1293279551590967	-0.524749746760469	0.2802577694440928	-1.3838783396414776	-0.9459844152245861	0.7724952865070253	0.24625359879251504	5
-0.718131862614017	0.916724013343922	0.3392865779080589	0.5405492356296575	-0.8964161160763136	-0.11871956790134847	-0.4961547842762754	-0.14756553418226132	5
-1.5159822383890909	0.5579055036817275	-2.191463195748918	1.2025759970891592	-1.8041848192700989	-0.5021911883594843	-0.29859988133752763	-0.12990412183446726	5
-0.3955083501943855	1.1180039801729469	-0.9448977408551351	0.5586871117024886	-0.08553946525093858	-1.2502517610396262	1.0238587919186215	0.2455890728565329	5
