obs1	obs2	obs3	obs4	obs5	obs6	con1	con2	type
-0.6067382711079783	-0.11223069935870356	0.8705929300863879	-0.12119414671530823	0.34372564824115603	-0.05837404748166977	1.4799032883212435	-0.3339007748786134	1
-0.056604776061930984	-4.199085232274561	-6.33362605915322	-1.8645469556236278	0.45131953311418554	4.282539856517657	-0.4505656936767022	0.334228831357497	1
-1.9857574116420165	-1.6936582791663628	-3.1995867591306273	-3.054249243312067	-1.3540755680664853	4.6940937490553445	-1.5073504111635196	-0.26263109189783007	1
0.42662626012542704	2.3471234008337034	3.058252947067068	1.6504630008460752	0.3315800984945611	-3.0574774692778983	-0.2811084371709531	0.7864793887837739	1
1.1942851362532192	1.2984168242150937	1.5901072956880702	1.312626546047915	0.8343826667637668	-2.2876947357591617	0.25216927770806336	0.8479144642194142	1
-3.9874966042335043	1.7727618092152269	3.557585870412981	-1.672449866332796	-2.503703513445351	1.1504752028193135	-0.9214506310260305	1.1935227007782587	1
-1.8930987774876893	1.2590260193889042	1.318927611968282	-1.4616934912076358	-2.1596174472294503	1.5073999609914146	0.12417937354481791	-0.3504723552481512	1
-0.49077583548299814	1.4759489125681435	4.4777624946811185	0.6904905147237029	-1.1782499033399876	-2.8219599718320647	2.052645452542156	-0.37153203122158457	1
-1.9884174681921605	-3.0886322084533315	-4.626055846935446	-2.841050525334256	-0.30059813397965657	4.8778449697751025	-0.42223328998226023	0.9004704075625268	1
-0.8276737633648047	-0.7435227841068694	-0.7556748156095735	-0.9580033647805936	-1.2077588252216884	1.6787308451195604	1.1545698346397686	0.9072923417027118	1
0.06531712294410023	-1.5106922814358934	-2.0434532370102128	-0.6074715352529149	0.34623902049330324	1.3017142268813409	0.47797391811813267	-2.3603444913527327	1
3.6870961219901646	-0.2505041984054917	-1.2163354349196172	3.0689668026934447	2.7468953094294206	-2.953616272309901	1.1736184797782396	0.516343390833432	1
4.414589570430507	-2.5723065647004493	-5.026960132985139	1.7898443671346846	2.7288938673522916	0.2366956833918897	0.2366590210480847	0.7794119198237505	1
3.3347354912386287	-1.9062206469783325	-3.740064604105233	1.7795059428671411	1.8433923894446047	-0.20675826328243502	0.01459344283098715	-0.5504873153507299	1
5.622700165102531	-0.39606798208049676	-1.131066784954465	3.969470496167457	4.312587509435381	-3.98032593488959	1.0323057882709887	-0.08243552965187054	1
5.1262692439803885	-5.1660425545535835	-9.128577200633462	1.8865753642284206	4.668694633629421	1.482499343402684	0.47495362892087495	1.2552310878101383	1
4.700112450643883	-3.468571596778168	-5.739781261433409	1.8009920787707627	2.990604949602327	0.1597774719875854	-0.8083827560829858	1.261938980294523	1
1.6075068926678218	-1.3140414703480983	-2.677472639606415	0.6339226126995736	1.5965435714181724	0.3502561774815423	0.3235213097557432	-0.8907043339484089	1
4.641625747783244	-2.8358444743500124	-3.626471261309653	3.104561998566165	3.202611861126369	-1.338792838265475	1.311184725810015	-0.9130200351362013	1
3.221204698427794	-0.708516487316083	-2.489407217273178	1.6478421162748595	2.351104925421077	-1.5620582733413715	0.011931478413947394	-0.08565038613890831	1
4.999563729077618	0.954495653170522	2.4184641544940986	4.627443352475795	3.349574562944644	-6.520131251678259	-0.11568419072936659	0.4954598863750264	1
-0.6701747101484488	1.1267689011124487	2.8613532148840717	0.18555616886187218	-0.9238938094712319	-1.4070764383142227	0.3515087920939549	-0.20809923021370602	1
2.747686495113282	-0.3590199589141376	-1.5553692602265152	1.688960894257927	1.787663879290817	-1.1993023192977463	-1.2721728687641025	-0.29221129881268876	1
5.251653656905044	0.4994390910588397	1.8286609037413986	4.494587954732147	3.343858696684803	-6.136536504170754	-0.5709492871718226	0.725830403031763	1
4.59586993881919	1.5361992537374847	3.3061858762194514	4.250771336930369	2.7511468649738733	-6.409004177926001	1.6293476052118705	-0.49076872504745	1
0.9392936142395554	-2.2427106885126413	-3.6540789410401056	-0.3813399107880493	0.9350594853366148	1.8870614743451162	-0.10104165578805983	-1.5905268626241802	1
1.3603518375015178	-0.12601813952723828	-1.387905369298625	0.7037310343330424	1.0427246850931382	-0.08331084207353237	2.0875242945501893	0.5003382664472003	1
0.4989896829334365	-4.238905393462814	-6.7872416234060635	-1.598952702945352	-0.03999326686493232	4.205237291937229	-1.4132672996738034	-0.8825426929701939	1
5.029407501650207	-0.5152130422427388	-0.34350385204890965	3.810120575558075	3.2265725105227654	-4.111397660212004	1.569616080952814	-1.5981600746734062	1
2.138277476072644	-4.343658527516088	-7.777332880888384	-0.45023787617925437	2.699371441714069	3.04067420909545	-1.2819303877941626	0.4334189680763935	1
2.2670989376593296	-0.6720612207482473	-0.7559025679675625	1.2742227005431026	0.252777804365774	-1.035794188530576	-0.3810037812143191	-0.4152349777854192	1
0.1969407475038068	1.3547835429743156	2.706650078873405	0.5431556529369407	0.6229172597475267	-1.6185435723495594	0.15994114257860223	0.7919349221750418	1
-2.6220038067731672	3.139581234060822	4.4482501192014	-0.7214872624403984	-1.8014055681440473	-0.9890797078345329	0.5518862480981697	-0.4998433291157579	1
-5.63638859359359	0.9517079697542254	1.4532544133889096	-4.21111866721314	-4.222125096443918	3.7693492490507823	0.6787040060969424	0.12679766310680585	1
-7.42738165050051	-0.30666661867401185	-0.6100542967445399	-5.932886103815133	-4.866767935905315	7.1930694277789184	1.0089041751751302	-0.7856192387917672	1
-5.079194863942333	-2.0448088589675755	-3.504611593890485	-4.686803208321158	-2.496874645314291	7.0485141055362375	-0.8027139035141883	1.6340926755177778	1
-5.458776364837091	1.823748623635717	2.5720595318114827	-3.8257009991018776	-4.081860120409773	3.594006456764524	0.20635694638128835	-0.11458089062120931	1
-3.6328543963750812	2.4185063084225495	4.734829867547112	-1.8358529286770404	-3.0181064976032985	0.08873319409202973	-0.25496458882908707	-0.28225420544758323	1
-0.72147022337902	2.1542861226269263	3.429046968462374	0.5142254301228699	-2.206614220595542	-1.5552789608489863	1.6504898690924243	-1.4277869304659416	1
0.2507291915785506	-1.6713584827820553	-2.3873731538796212	-0.7962328192371249	0.6141294260279851	1.3000841083221866	-0.3179663041152133	-0.11072718951883456	1
3.018653892596213	-0.5745972992490251	-2.8367526598789854	1.7524519420470048	2.7476193146639534	-1.071676329000105	-0.8938897638628552	1.0919410498692304	1
3.3547910389574453	0.42591666564410047	1.6632286366303926	2.7569899048668765	1.2587108207284121	-3.9446567891588904	0.7705446852272135	-1.1790593882078466	1
5.946332872676034	-4.45290034901871	-7.365647614978687	2.1843750522522374	4.088581187291891	0.23284422175671182	0.12130137275151724	0.7014910871646439	1
1.9992882603948805	-2.359111678889788	-3.667868203956603	0.8690286322377753	2.3129323553283427	0.885033707400944	0.3134621330601706	-0.5886722392355405	1
1.4321851431965726	-1.1139207010167143	-2.645673137422271	0.5986884891471833	1.212529809826951	0.11858322722103182	1.675521494392178	-0.13632402517182796	1
5.312610440270803	-6.006619458877553	-8.949185273582607	1.0220310900202356	3.643922531036959	1.9829482375151026	-0.011635064219851903	-1.2111221575906537	1
9.129861137153702	-3.7110154454814994	-6.853351024797148	5.293709025962204	7.307799029647126	-3.238921836810311	1.0204794493329468	-0.6369435370754717	1
9.231748768570949	-6.537144084056119	-10.499637564443908	4.674156810231016	8.473073636559729	-1.5268293565427637	-0.6323121855298771	-1.3418491261225665	1
11.637118893864656	-3.597967095161144	-6.167806269864026	7.817017947030905	9.209546791102234	-5.902305588422812	1.7878985373345946	-0.1700361577279927	1
11.47490675293033	-6.459798419630435	-11.01620526991649	6.174371552605256	8.875492391259858	-2.468595859643555	0.10824185931111267	-0.14641654429254272	1
-0.7560182389799552	0.05569949773848326	2.035065459364271	0.3073355800178922	-0.7072625782326063	-1.1794663996525747	0.23518584190320924	-0.26576135330514855	2
0.2714609496712034	-0.8782302589520364	-0.2466449667721766	0.042561991430479285	0.1626106727766912	0.3296460103375664	-1.6397367558604767	-0.7287983551122263	2
-2.4052611712353187	2.617098445538682	5.059265046366172	-0.09773366435301406	-2.1361560591734916	-1.70252651411955	0.7164679735118658	-0.006002342470324623	2
-1.3448419075190614	-1.4650912909883387	-1.4591031911161796	-1.7212640331641884	-1.373435593347473	3.000672800071243	1.3406645683181089	0.41303680018357264	2
-7.527292906749329	-0.7100362317331554	-0.9001263805297138	-6.224323125645565	-4.450737235210434	7.511200708793703	-0.8073607706069771	-0.8784865060466255	2
-5.153314675683902	1.4636898728863634	3.005919458892747	-3.1248491374021596	-3.736314406303591	2.3861746998081887	0.7571228533180151	-0.05769569003741435	2
-5.891632022695227	1.8423938028990545	2.9902697351937713	-4.046113134925507	-4.390418077714895	3.4918693363512867	0.2033452820982389	0.13502788705628277	2
-3.1664555048386647	0.64006545180488	1.0453423839806966	-2.1547014060348637	-2.3823530136134163	2.180509325968946	1.6020695630269317	1.2738013342217587	2
-1.604025536617487	-1.5358921619033876	-2.623994614301938	-2.1876602217246006	-0.8306484753386932	3.634649137976092	-1.2659383057352533	0.22145834057705005	2
1.6306511607302838	1.8902284611899804	2.6672429844101613	2.2145699344364878	1.1233328103483127	-3.5068214743987562	-0.6275919856701816	0.8100252246164872	2
0.9996735472207114	1.8708840535581144	1.673891792686318	1.3765603610491617	0.7930970934794412	-2.4823539286347267	2.135206691820265	1.1619988124039056	2
-1.8387582150549564	-2.4793249873902723	-3.0912321759111916	-2.863030828149313	-2.110756069000774	4.416807450059662	0.35815175226402596	0.5099002116505938	2
-1.734340211443142	-1.4577472694614277	-2.6877199249676758	-1.9495793474827308	-0.363236615777763	3.4244867544240423	-0.7988238871946606	-1.152208979009061	2
-0.22692460311461912	0.7494428461667684	0.7447467788358128	-0.06577422873668923	0.1848717714681034	-0.24266398323777572	-0.2035865951589475	0.865790875362629	2
-1.0391332974971892	-1.3024632589080103	-1.5722357244120537	-2.0152446414179415	-1.0588771485536839	2.8990970698885428	0.39294996674634164	-0.24679020840535365	2
2.903108979705193	-3.764434911856998	-6.250511712212478	0.592604684060352	2.83354831682675	1.150192894775203	0.3057539987311436	0.7213054369263843	2
3.737481609435008	-1.778668219958864	-3.880128087975775	2.271422791809932	2.440471691816828	-0.7309321575196708	1.0575957997232948	-1.5166974939160256	2
7.433966364552093	-3.568525874116482	-5.7159508940785235	4.872233814593206	6.1528884072243	-2.8163706029823743	-0.6592551883628647	0.29826192609348795	2
7.995753832574712	-1.9705425341383676	-3.4534271734515762	5.227557079944329	6.507888775010047	-4.46234890369792	-0.5758285650590051	0.5415288363495023	2
5.375754547206517	-0.1410388356891378	-0.5215376798377579	3.9099754431453477	3.673703502411988	-4.119642248181689	-1.4283807056303213	0.4301604546646205	2
4.908064621770495	1.5630220378591937	2.132480882606989	4.982847574717649	4.205783845567094	-6.494822025082564	1.085598716560002	-0.03626626144888913	2
0.41644330886911185	-2.107534660697938	-2.9250773206101806	-0.30139948443809916	1.6764265334200887	1.230444911985655	0.5688345454973136	0.3435601549389727	2
2.475195220472772	-3.080565698628281	-6.048416546598004	-0.04235352333465271	1.752993204884645	2.474362762164749	0.9834746471431586	-0.3202141942719868	2
0.7234052207755508	-4.744502957036385	-9.255501585664746	-2.1524951509756747	1.5242336008689485	6.2725139264168535	0.9938739228022545	-0.07527264150924122	2
0.7583357116185873	-3.1279909289856027	-4.647108583609201	-0.6121353582502087	0.8343281740983556	2.631370845112419	-1.3281205622942411	-1.2659941172177671	2
6.501665194208674	0.8702375903494952	0.4709891957117015	5.458268682698551	3.4234484313279827	-6.568228913473144	0.41765974893749785	-0.4932194084359935	2
6.362168369572322	-2.5953696581095556	-3.1458408753454847	3.9971560162054836	5.118113054688319	-3.5067038358940024	-0.3119626828640303	-0.3728701695925383	2
3.513968531489514	-1.9001940728323035	-3.048461117178253	1.801295242406585	1.8449798548670469	-1.1132460121668928	0.6104885952511981	0.9207801963920851	2
-1.1764619891723966	0.11488100788657407	-1.7608004262967447	-1.2780723515086228	-1.1389916343243507	2.960433891407167	-0.564682891831747	-1.2432358851506222	2
4.795944450140015	0.24765406625091635	-0.44448707825542927	4.007796292348042	3.2807209715178547	-4.328897692069837	-0.666744661733771	-1.7613542937528608	2
6.6484424788339735	-2.1015931609729184	-2.8522797936904776	5.097317237072557	5.778624843485292	-4.613152921283084	0.75338080355196	-1.6547311845282457	2
9.190001475919873	-3.0632819295242317	-6.6912409709125615	5.192909449635376	7.385006197207154	-2.9321806019923082	0.11007601549000001	1.0252281239163719	2
7.3704822487776385	-3.273041864578162	-5.557593164669682	4.770773946970735	5.756303245324378	-2.9084441389064497	0.6482497502512045	0.10591475686859617	2
5.199610060230757	-3.003509958927179	-5.064118955294835	2.7682114761042413	3.9093024470134385	-1.173880947989737	1.0563583876169622	-0.8386188962295532	2
1.7656693254831282	-4.351896665398181	-5.848658487128308	-0.17635341064610438	1.2322180664686062	2.712837114376264	-1.6592628508836598	0.6616700249120951	2
2.2725036156223215	-0.1871730876067769	-0.3604008672503075	1.0964535999017566	1.088696290005383	-1.256639368287011	-1.105281814811057	0.23101458079442333	2
-1.2721564728879666	4.279295470312493	6.062384842840588	0.6603306082817975	-2.2053667471091263	-2.9458231408078936	-1.0831800928956743	0.8170046851223074	2
-5.8245315109837685	6.79817848640608	12.332113323889725	-0.9465292790569517	-5.309640025660275	-4.054075108727041	0.9662154375204491	-0.4933059411891025	2
-7.617649316325779	1.4495408304238881	4.104527323352341	-5.171793391047304	-6.025191109725745	4.147112314101761	-0.0670693993223379	-1.0575363700029863	2
-2.1739909154952484	-0.1478466540499992	0.7313990299196805	-1.6861057797601409	-2.0785533624203123	1.830118394076552	0.7223623344691698	-0.7967546250428484	2
-0.3397639068646473	-1.1874814770170827	-1.7489585278300004	-0.9425020941814061	-0.33925230260226064	1.7737395593074199	0.17072822345557037	-0.8531428491026324	2
-1.3702721061591243	1.1875967893059378	1.2618389743212097	-0.717285563296006	-0.3187925915261488	0.5160280832864983	0.0943606271608008	-0.141391158435129	2
-1.6816296133294202	0.5030743222600723	1.3561490139805883	-0.8770851759371645	-1.3038140362432509	0.2658608670223178	0.04639221852666133	-1.3611436605624503	2
-0.41409591230753223	1.4680329048006546	2.676414220115252	0.31536409040065105	-0.2683531772888851	-1.7250633766763315	-0.635532637091885	-0.5987139750528689	2
1.162404170381264	1.2000315311641692	3.2229013505755777	1.4533206395435834	0.5654948545922258	-3.175101986613652	-0.8485158908870567	-1.6121345212691955	2
-0.006586032738333747	2.374885362279392	3.8914555552019765	0.7726321810534428	-0.7749745819277137	-2.319749184409346	-0.49649391785714514	-0.771914968685553	2
1.7303377553763661	3.274262264272068	3.7064096885402535	2.31975607149442	0.6239907301506495	-4.174811546232958	0.08378622938645021	0.6218619890481767	2
-2.8917731574626786	0.8916901510517743	2.6890963107934027	-0.9817506146942887	-1.4739270597182574	0.33125503770375353	1.190563264823649	1.2587340605177662	2
-4.790688930376544	-1.3493572535312732	-2.231731909005559	-4.522892251919039	-2.6143716131781627	6.14096978893082	0.9875986816451908	0.7112398690632512	2
-4.495288512755407	-2.431207801770747	-4.33619932741905	-4.782121079877449	-1.3025544021923743	7.456066860603822	0.3129612548719654	0.20860848642901267	2
-1.301821385093006	0.004339246797824631	0.5474948259828327	-1.0595708022085022	-1.314863434873152	0.9489863879891748	-1.1114980389176312	0.7533245242207581	3
0.9345507654425662	3.2199532175856365	6.547240459213359	2.730999915761772	-0.54621113788411	-5.488816647961933	1.15115457902907	0.07777321598837394	3
-3.9937261329546394	-1.754264345376361	-2.2302178840268354	-3.855198681465468	-2.197408226218963	5.239833724300655	0.7633261072650543	0.0765379842160114	3
-1.1667889737884407	-2.666916756590397	-5.213090199304299	-1.8898289043919787	0.43785066204677225	3.992480611652002	-1.5326153059999534	0.515748519190341	3
1.9535862529578745	-0.08141050238818787	0.5975556842964808	1.6100000785232187	0.673724784984373	-1.543693342110731	-1.0292607035390315	-0.7082568247079255	3
4.5913727758935465	0.9737831600989875	2.0629316469788925	4.038666730418738	2.6112676705316322	-5.485102440744933	0.8682641760846914	-0.3497743836358724	3
1.0978733948845891	-1.4498230341201077	-2.532022509945332	0.3023062745396357	1.8986948631608105	0.4882020265238016	0.3512995723461726	0.4705184923876196	3
-0.012656931700747928	-1.6719428989772056	-1.4990135356442498	-0.849804984226312	-0.1940338367815894	1.141422046959556	0.9496374695198443	0.6171562800543396	3
0.26991205097330234	-2.442923751529581	-3.6944163018501235	-0.7469873333490886	0.45473033910224797	1.923407136856456	1.9242596690151523	-0.08409617482950965	3
0.310442852330598	-4.606353199190148	-8.04111774520896	-2.0005582574963157	0.4684296892374822	5.610046506395248	0.4119639833795078	-0.4814208941212739	3
3.3531260731431534	-3.733290670943633	-5.708756702907996	0.8513889026893633	3.559661235048572	0.8453483848723862	0.24626654790904937	0.4952650481434782	3
1.9417456269596414	-3.276651740964123	-4.128400203130357	0.263887357203682	1.5429491964932718	1.4407821520333643	-0.7152303368183635	-0.2937901544496746	3
4.046475603045357	-0.864777669023768	-1.8726582839839157	2.3699730210898355	3.031389890426009	-2.4221260624609453	-0.1527303484136191	-0.5402744820354183	3
4.824298054095022	-0.9834345724253495	-2.775790421912334	2.8921546204600608	3.4520326151598733	-2.0877584104243976	1.1267974381425956	0.1246592272705797	3
2.5712163700159367	-2.850239247875841	-5.828630201447922	0.2788173066704812	2.1788827460363467	2.256607833286554	-0.4997998980810862	0.9350710165753785	3
1.2598590282981392	-2.0235374936826855	-3.123433357317143	0.10820734941205536	-0.030220995232561165	1.2827708956760424	0.5897021343487255	1.0549373409803016	3
-3.5325852142671366	-1.232617642981253	-3.1932298805206023	-3.7574670725888057	-1.5192199681315826	5.495110818750908	-0.6668871816897515	-0.1928142644795249	3
-1.4192400279773172	0.36982941086553783	1.2499453600930595	-0.6803855968202119	-1.6183758807302793	0.19022588463221976	2.127767126047913	-0.36888155810780393	3
-2.128175458417661	-1.4793411368666605	-3.577410069009666	-2.3451866184616454	-0.5951800819232841	4.630956761806359	1.1092819738988222	-0.14770943313545065	3
-0.6339208581686231	-2.840824991277406	-5.7371219522830135	-1.7885935990735924	-0.14555854683287278	4.544306207337501	-2.741239880248978	-0.7605562334917988	3
-0.25099730213803667	4.94534583614722	7.738026964338918	2.3511009936507645	-1.1726767570646577	-5.95364555533182	0.20893676100138026	0.2885399863351732	3
-1.488926970686126	2.906142251122623	6.157293510666061	0.7868780078457103	-1.6239985485866226	-3.172692765007913	0.5701042126516866	1.1815261621610875	3
-6.091542384172774	1.8634145576602748	2.6714425894483522	-4.058682213391602	-3.9444540828592523	2.821589585998729	-0.344540440674143	-1.166962573677532	3
-4.344548567393694	2.1242444309870505	3.3855994077832867	-2.5000648039255013	-3.6354503544265664	1.003113738787697	-0.5719823718994828	-0.02354838088995997	3
-0.354706314195844	1.8034585848546654	2.752193330160829	0.33960192120663746	0.054182085841954164	-1.2578877542313271	-0.02163527962086361	-0.6432277002685232	3
-1.3249293155843882	0.29038383097811205	0.8659716593227287	-0.5532703296974345	-1.112632226493826	0.5290501878495283	0.011518374112826453	0.04037801619099849	3
-0.947517890159398	-0.08971590529625201	0.10517843931177079	-0.9765313325056726	-0.8628480922209715	1.1490252382681503	0.7882718693597109	-0.7589746253782816	3
2.2292427465609057	-0.7642757619497436	-0.39475274569016716	1.7410575555631151	2.091462322414648	-2.088908226400822	-1.1101181129757711	-0.10551338601265416	3
2.065515715578795	3.30803967447053	6.130486160150913	3.6148394050340675	1.1053414860684287	-6.69189387203455	0.696842860254402	-0.3214419996280901	3
2.1784843192985597	-0.8421472995179295	-2.5166559964709942	0.9440238173554171	2.3023019239561218	0.012450815686510547	-0.2616681879785677	-0.8159310967055152	3
1.296571127753044	-1.122162646774823	-2.224120448479546	0.7991178768090379	1.8031769608620491	0.262032045594499	0.29950833201502647	0.7745325159809265	3
-0.7100969901131765	-0.7693339756002274	-1.5192633454911708	-0.7620437365804456	-0.2814694281580218	1.3958757905524126	-0.3973720291884478	0.4437224403249144	3
0.8869523027973166	0.17861517116500186	0.6857979703936724	0.9878936148289791	1.1248175721226472	-1.369780664996251	0.211710476367156	1.2168667564349553	3
-3.6723562168529886	2.1714924990539686	3.0334010977856387	-1.8805119474229264	-2.9652153116253954	1.7211357929710696	0.6114784386668576	1.5751122110044404	3
-6.892432659860908	1.6899470963303451	2.6385295765579806	-4.858550309858159	-4.686121208807265	4.576987306777449	-0.6092246834829387	1.803364474207209	3
-8.227745367137862	2.4112656616456345	5.659229918407278	-5.045616745427148	-6.616485420943135	3.2761261945928974	0.39947007496638737	-0.05684964332132977	3
-7.095916990033434	2.1760048584530933	2.572936093143523	-4.976799847201747	-4.8140999803570965	4.517789960661479	0.2951557660676284	-0.4272168755115144	3
-1.9546563893683544	-0.5193022776004994	-0.29630729423841035	-1.4393992486972838	-0.412774836436516	1.715206398654103	0.3275211566288518	0.5020625006610121	3
-1.0586519400550953	-2.5827790322400337	-4.343748936005244	-2.0018235296511	0.3846956208989506	3.8381607870924985	2.0286371358275472	-0.4180066247467963	3
0.39798510736998105	-3.4992150683541157	-7.050029632097909	-2.2454090761830434	1.0548734558111892	5.369376758179742	-0.2822328404402462	-0.3491622771862314	3
2.713384364794491	-3.2164238997811982	-5.342984447759841	0.900367403751261	2.4947195919166543	1.6757837091449093	1.1190781041108362	0.037267431012514264	3
1.3575816240145706	-5.028507237888958	-7.542654192068217	-1.1402845190878037	2.730199361805852	4.226066033055548	0.6177533103343257	0.3205750497891814	3
3.251190127506517	-3.714730436556444	-7.198543874480527	0.7862992560040368	3.626684745417175	1.9985899461997683	-0.4989880072102215	0.1830908147053534	3
7.061035696380521	-3.547506937263025	-4.912217447131374	3.708341904127748	5.6835183009966785	-2.624095109676772	-0.2022985274553742	-0.534828180500712	3
6.7599588982683185	-3.035377342526725	-4.888762624791139	3.9991575430618793	6.033683684129323	-2.6457670845293553	1.2049199811330475	0.5352556836972926	3
4.932923372001434	-6.080123365974852	-9.741732721382872	1.5315222445914372	3.6549957136125144	2.484859457052967	1.2202455869416866	0.3534574637710095	3
7.224729928723074	-6.307794700854808	-10.52771873402675	2.6699872357266297	5.492095120946204	1.0786392803397935	-0.06833820791561009	-1.442829732654939	3
11.090182330622369	-7.010541887291901	-11.51500484397625	5.63381185875735	8.160017138320296	-2.1108270185048883	0.6930419045627404	-0.32023630924571705	3
11.494014544797867	-4.962088341001607	-8.948119474208951	6.712432728258173	9.170641358932595	-4.383440022637794	2.120831389173501	0.8059740437965612	3
11.145020783554923	-9.56061141695342	-15.829265027849406	5.0986673206481985	9.325265141545422	0.6722337835460004	-0.7456283372898559	-1.0153260960330277	3
2.398823618619791	0.37423373113135183	0.5084775305877097	1.5555371587255413	1.095136355611987	-2.1425059268927393	-2.011002824447548	-0.3365416416163301	4
2.8501489077219277	4.2429670705795886	6.603265588861087	4.434191551837197	1.2855404498648058	-7.577032510459412	-0.5036828162869732	0.7446776952374712	4
2.884046858898477	3.747089628107986	6.666743749131381	4.45147635789625	0.981807634568632	-7.8068736928938005	0.6057533106696236	-0.3108330987044055	4
0.7675607195767645	2.1900985343126735	2.8940428452235816	1.2739420955878105	1.1227363070602738	-2.5542193643825373	-0.9744306109436541	0.22415652660620936	4
-0.31754211412854944	2.0768800050435785	3.284441546483634	0.594178573610727	-0.6678442538457087	-1.949257149258036	0.6435828523664034	1.087950677728364	4
-3.572349969593144	0.5921965786337151	1.2697743764475844	-2.873917468361008	-3.527962922355696	2.559307471548242	1.332766763954866	-1.4709036286281865	4
0.21310803877882467	-2.0651809663016913	-2.131996099518041	-0.8157519187156278	0.34828914493390245	1.8364341269819333	-0.7423960493314578	-2.6791879010539117	4
3.4205182143613118	1.8585125874595523	2.959142045635433	3.518906758967885	2.4466557249235477	-4.986016775058087	0.10517330327145151	0.9219730729879527	4
-0.7219781988202955	0.7782281902726538	1.0811370573647978	-0.2354967144053925	-0.8550950373266079	-0.21672120716183724	0.27541936348993096	-2.483747552608222	4
2.1883608541316786	-0.8407995932314979	-1.2651996871099755	1.7866929386673127	2.7043182032009447	-1.4258805834223112	-0.7190376272952471	-0.9865100257789978	4
4.117061353676187	0.2702768216756919	0.2362018631490028	3.355722578780055	3.0376694777997866	-4.043237853126916	1.3141892879923869	-0.19643995179367174	4
1.934163750902532	-2.1059573013190014	-4.533999247476451	-0.1345103932592422	1.7953692430236285	1.7368919143368962	0.7325460039497851	2.659864795892429	4
-1.4513783921730423	-1.3659607947035388	-2.823257090873719	-1.8342862509364246	-0.584829769158313	3.288192127729253	0.9696093508129732	0.9986665028102591	4
-6.323307849510241	-2.2620223169500604	-4.523463558551651	-6.105284600999985	-4.02361764651686	8.718231764846838	-0.2973191243637851	1.0303340959905614	4
-1.9472616229212	0.325353450350086	1.30433493766352	-1.5631142417814847	-1.5679047380309523	1.1036324463606066	1.3551121889433713	0.2382988859006696	4
-1.6695878627728369	-0.8788397056143811	-2.333520227293143	-2.308925409744492	-1.1850303518792071	3.47324337747053	1.3728884813927968	-0.5286354178529902	4
-2.6714947467113817	-0.3885227227227952	-0.9425054447214566	-1.7023005964616944	-1.3225585615683664	2.1341907185955846	1.0872395306088465	-0.8354420592942822	4
-1.6549859116392294	-3.140431198660394	-4.9587982504634915	-3.4232229607777316	-0.7891113952573384	5.451642027946532	-2.3249803363876507	0.7273142986859635	4
-2.8921657501644917	4.357527345521062	7.108423327990239	-0.1233575819335084	-2.7200634105050407	-3.0675440508252554	1.4056961257146838	1.2173155081507658	4
-6.828686231524479	1.32102097307497	2.0112538361453622	-4.5737351550588885	-4.151051451167119	4.600654334751962	-0.660543180303561	1.2066580724991016	4
-2.712832161942111	0.881519858417104	3.463378025927596	-1.0182453365547097	-1.8499422885868337	-0.036914038800056476	-0.4423116454046672	0.7157055689652102	4
-4.149425886554328	4.082713866831753	6.87371820388924	-1.3331379664582204	-3.5418217613784595	-1.0941791258062705	0.7762789036357322	-0.5378854332705635	4
-5.480891640930709	2.2957354282198117	4.456486160568314	-3.318805208899299	-4.795814883287991	2.271753091087076	-0.5363044157716751	-2.686540191975537	4
-1.634455675676473	0.4757924396044564	0.7977152460301988	-0.9368012806602954	-1.2188408528974783	0.6995696750596088	0.8645416983033447	-0.11564904060446281	4
-3.6069730048777524	-0.5445640665706994	-0.3742556933741608	-3.0856974520266918	-1.3788935768834822	3.7443473984333204	-1.1115832163200845	-0.18225032046594966	4
-1.0697813411019501	3.2202776596791827	4.1338128676456805	0.6047876041787732	-0.9547889313131555	-1.7885829456134985	-0.7310805815224392	-1.4643054040474324	4
0.6794276427676745	4.23009912482449	6.030568310119177	2.0205693699658673	-0.7981343156738695	-4.660008142501297	0.3862354727230601	0.6258352577584329	4
-1.708436349542492	0.7966747065782294	2.7806230171491424	-0.47793951927516765	-1.7061000530967632	-0.405569142128092	0.383361453240152	0.1398659836172073	4
-0.10032049128518503	0.01333683733139962	-0.42537730445622235	-0.20203327578282446	-0.6850833214665664	0.15447974008983106	-0.020829450628424836	-0.9753917476523402	4
3.8148178808952484	1.451880363380453	1.9360890636199286	3.906152291220256	1.9128455549356895	-5.054065168447252	0.44879352354443175	0.08576215850914344	4
-2.4164042989585575	0.2657754002473346	0.3374264984634724	-1.3871037040243255	-1.5677402211084195	1.3585110008378727	0.4515018169220783	0.40259945361321703	4
-3.8945723798483973	-0.40481746861232226	-2.1390237151593623	-3.415780652465487	-2.940005862082087	5.29186333161242	1.7645362373212894	0.3661292160347717	4
-0.9582975889445754	-4.698541599887674	-7.454778463138667	-3.2418394342818426	-0.06137948132625256	6.434313537604781	-1.9806796932549988	1.2624928382222411	4
1.1283788717058132	-0.3058555037700592	-0.2382042226270596	1.0777828765138835	1.8439216331816732	-1.2042947459038962	0.04094765255462843	-1.038141867966511	4
1.054177292637977	-0.14005010841818044	0.5387401168620801	1.0773233232380535	0.8210288939228954	-1.493994395008552	0.11400391468661536	-0.556606842210305	4
0.5380059805693131	-0.4103576419760909	0.5788420015547656	0.7512209336835827	0.1398723251552461	-0.9887019214510135	-1.6623868718468324	0.16502642998294184	4
1.4889355681932657	2.8649635316901763	4.854928083759571	2.80364272054468	1.1395315908540187	-5.1213911084832136	-1.8396844427818118	1.5212086901630244	4
-0.5872472512699589	5.29334386292201	9.10120789961913	2.6129597928797152	-0.36046122763142285	-6.785443434545213	-0.016901069024561732	0.899363840388327	4
-6.738663028900969	2.799213432084454	4.969067524462465	-3.48907547331986	-5.080705194436669	2.0923122080848535	-0.21787497622061924	-0.1620949441595887	4
-8.162415954721308	2.5861678253848153	3.8342981046606797	-5.251376475794378	-6.112549618160463	4.562291532062354	-1.1680618472385362	-1.0447393446595654	4
-8.412012642264866	5.2867274500283	9.523485033187116	-3.865053693601017	-7.145604838822555	0.5303114979025012	1.3221300742813142	0.41847287163357655	4
-10.10425803868011	2.77050442343692	3.0445117319851946	-7.371316147673631	-7.051925841840691	7.375478003963487	1.4335342889583162	0.15046175736547507	4
-6.4871880431393105	-0.5061351334408666	0.618017436963632	-4.911487099979328	-3.4664905445993694	5.605594457132635	-2.6078449614468617	0.5702172097289383	4
-4.050681827701344	5.142987213067116	9.764710977062611	-0.09769892697621557	-4.076807822957234	-3.76058815732387	0.06260113022638057	0.47836509060864424	4
-4.696904976926041	1.6712686480727261	3.584930928366583	-2.9105378644717153	-3.6904763396225113	1.5780674527305125	-2.3144921466786563	0.9149682891910194	4
-3.666714782778172	6.1513363342126794	10.492318913811586	0.032296170899267305	-4.002622939143434	-4.154385217786454	-0.5664373903607054	1.5839020851314198	4
-5.661529694931528	3.5606594869297123	6.4856617929858045	-2.9594690649411914	-4.953874463440395	0.8925750650400885	0.025076189953387125	0.7270788659475007	4
-5.56090326855338	1.8416693566916231	3.098364124676664	-3.8306807165751353	-3.860763383795591	3.5413517156519347	-0.08461246153617807	-0.6603850468543033	4
-5.985215630508608	0.880709118194029	2.0650526319487734	-4.183609200189709	-4.2824289432536595	4.263748686524213	-0.9781416375694151	0.3900384821515931	4
-4.56011562325636	2.7510066266508977	4.242163580868096	-2.423077769361989	-4.052462829090995	1.3685774785605285	-0.09200900607496054	1.0040139637583851	4
2.1783292153612144	-2.355439628829361	-3.8292108893595915	0.6995671830998241	2.182110962316069	0.912318836680233	-0.08901378126155969	-0.3630100695843453	5
3.987260947764523	-0.7827443075829302	-0.9904017793228952	2.700042138221498	3.439884230227549	-2.8047826278216377	-0.3759816288721111	-0.2579916407223878	5
5.475572483907708	-0.09633192293954804	-0.4426032929618259	4.371394465381986	3.920770975751206	-4.771269307511494	-1.0515509480597245	0.8733274205130653	5
0.9400302101371556	1.7847718360190354	3.7813097190184535	2.312359234163933	0.39315627732300273	-3.7646846350229617	1.4546370860059856	-0.7857109278946887	5
1.4555006667305588	-1.73926362490553	-2.530898144298362	0.7820741754695899	1.290713508713278	0.573411916785616	1.4700155806950512	-0.8307312190710059	5
3.6808217271653865	-3.6166712231640594	-6.2154845307314766	1.4968778224749406	3.0826837767055855	0.9909670417228353	0.2440234379891366	1.2820602383839403	5
1.111476977581588	-2.8470625161014658	-5.90602025362468	-0.261181731233267	1.3044623596279212	2.9158478717156835	-0.29636325789342527	1.3850705880057566	5
-0.7656357080277809	-1.9576660560000163	-3.0382143997492452	-1.5059891777470258	-0.1818274825876782	2.8157446002924607	-0.8961463014596148	1.4797883876950897	5
-2.155943227030911	0.6191114460667235	1.3432726254445293	-1.136249976360865	-2.132193040585002	0.814329636634726	1.2344646991799346	-0.36245254727793846	5
-1.5354979065956926	-0.9232493851181851	-2.1107044102050754	-2.1900437446979053	-0.26556444580446315	3.3315046494668237	0.543403199618334	-0.4691526622111962	5
2.8272610947427856	-2.230103637106395	-4.406543427400013	1.1714121874082732	3.407363691648637	0.5053485244388974	1.0033636691242633	-0.3439290915067453	5
2.2769120935298095	-3.2129531415496535	-3.7854909833039434	0.7293137324717904	2.127652925117481	0.7584597030829304	1.0658403294145768	-0.37383139283522154	5
6.031844899573589	-4.521150828682115	-7.234131254712505	2.672511201230484	4.334946393801513	-0.2884669675630216	-0.09078510264420486	-0.2691248220822288	5
5.710436164894837	-1.8786296581368298	-3.529923703087761	3.9559912383278313	4.504466007567102	-3.027234684874591	2.119967365685476	0.8917442697847902	5
1.5620593536577747	-5.54042376890438	-9.366546412020533	-1.3292723337832917	1.9471853974070668	5.271683163051988	-1.5683106296260305	0.03440462140157424	5
4.716384826808778	-1.301138446456645	-1.4838314934756738	3.8958149481110227	3.438302043682503	-4.068820181244307	-0.3492130581827814	-0.544439120354718	5
0.8171298075754505	0.6572764599458939	1.0670021261965559	0.9596277065192306	-0.15564558854516675	-1.4734671581165522	-0.8661097482652388	-0.18621179040528882	5
-0.7390665697647887	3.203804614195004	4.953713619189955	1.3296074907886806	-0.6236364514268533	-3.1684966264201915	-0.0013264279358914204	1.7820193568524039	5
-7.755077524241541	2.578491144012775	4.880800727883052	-4.798442704619901	-5.661253942863132	2.936209209416054	-1.1143102878953894	1.072498953715948	5
-7.635122730341482	4.204998363483606	7.193522512181535	-4.192743480326255	-5.8467712970125305	1.4222513653172868	-0.3374836406931519	-0.48470703657812664	5
-6.799513834402125	3.7998231285340496	6.224838010590978	-3.5920248162289945	-5.4101624116856035	2.2012354949279116	-0.45818703145013207	0.530588995550169	5
-5.785721709394467	1.2618101794471457	2.7313625052809263	-4.098728458439462	-4.99691633872712	3.8143331105906855	-1.2772388264842913	0.8708875465601293	5
-5.352335023780168	5.1183667312281695	6.411834923514339	-2.072234266302651	-4.005185904009392	-0.20481659705982475	1.0078509544538028	-0.5594206899025175	5
-5.2652426998745865	1.0933213380900582	1.6106687205240742	-3.830186277619435	-4.706309520657949	3.873865079368379	-1.4195074940411707	0.136769986096412	5
-6.3006639549064305	3.437859207845303	4.963231608859771	-3.988356237778493	-5.666178560872267	2.75001228719798	-0.7485793046767854	0.2726420955131059	5
-5.916765928874006	1.0807384505111877	2.9061904690179783	-3.5324108638751284	-3.7325572861032814	3.0629855116846625	1.960821639154892	0.4004028751010806	5
-9.562844280349024	-1.4775086298241942	-2.5505564272912977	-8.224999774381153	-6.132741228152214	10.200904019608991	1.225146249296883	0.04446883061406515	5
-11.696387577182035	0.0438151770606697	-0.47109801896794473	-9.733481529289428	-8.098395938381804	10.783445926629694	0.9566504107771305	-0.08270447370719139	5
-5.387954675703058	-0.4421372960925871	-1.05933842454908	-4.808496423753795	-2.913261105942468	5.551628852705795	1.2842185450278631	-1.9166905070984983	5
1.2720025394425207	-1.8579516868555448	-2.889830825694793	0.5675983051401239	0.9868266125550498	0.31060160243725926	0.3736099868974473	1.3554680270671322	5
1.349399687730394	-2.3754885740912064	-5.255109987899399	-0.3819394850542822	1.8721459702424736	2.236141363009676	-0.7972726675077175	0.8640268431213625	5
0.5055432028509461	-0.05158147259295964	0.28599042561847793	0.8214704876161518	0.5032665152877014	-0.8219853611085216	0.011568459904050416	-1.8491853462652856	5
0.5000934313815865	0.5157281712828177	0.6353312815250091	0.19310291240250918	0.4552316358688097	-0.2987291207567455	-0.11862184219816142	-0.6493383134758709	5
-2.1118050964391504	1.3382369543468096	1.970884797798092	-1.0649810551323524	-1.7465043085101584	0.25300100180910795	-1.9465647307808167	0.89521946772016	5
-1.9359071101314185	3.399075366050176	5.3751582484791935	0.46201123271303585	-1.8576479054491033	-2.411232047159946	0.18795119309219285	-0.9036166379509933	5
-0.7806871655204184	-0.11272924095786252	0.717972840243675	-0.7816939934291178	-1.396626041044191	0.45576699192286885	-0.583177109700449	-0.7623951186185125	5
3.0377660814679963	0.29073506172067265	0.9171151131130248	2.489272168874986	2.2717479772233906	-3.6464025503183235	-0.4194331408818517	0.8336894454163364	5
-5.054956091320085	-0.20609828451293333	-0.5764929621572112	-3.845420093858354	-3.0783814987525497	4.934087862836097	-0.1555751695320383	-0.2630116851487603	5
-0.399272141993639	0.025561311654089307	-0.21100695520976448	0.041029484222249446	-0.3563796221012534	0.31355078560943334	0.8153028524861988	-0.3736501868096686	5
0.014625950684540756	0.531501476502992	-0.29768516869965866	0.4745554179305671	0.41848625432019093	-0.5651366948406031	0.8869019945669276	-0.18212354211008633	5
1.847432407307722	-2.479844301344039	-4.66464271268319	0.3843820294772051	2.1556775372153716	1.6869719296729748	0.2401487656647277	-1.426041052173793	5
5.285401062977767	-3.2197658195389414	-5.252212226254947	2.6410133257629127	4.17145050306399	-0.8307042523111619	1.2547176221061276	-1.3772872197115429	5
6.110105006867397	-4.451524370000458	-8.775922757477547	2.4344565149927497	5.507618773735688	0.3895654619165409	0.15514574338817627	0.4418281565419648	5
5.550027405328744	-2.265076110826871	-6.556892098379309	2.147517537988868	3.900654942781799	0.04190361666634501	-0.10370189585745102	1.6655948826077178	5
1.5355917322285972	-0.781707551186289	-1.7307473257695603	0.8719360995820458	0.6684893049501284	-0.16532830390786574	0.7116621038543346	0.5623853279147317	5
-1.2880183756787296	-3.544275525573463	-5.872431965577243	-2.362236089087046	0.8105695075078905	5.173276185945748	-0.863815060332148	1.637677369312319	5
-2.078129480857795	0.5638937519290879	0.007053240340188477	-1.528512402346374	-2.149264406572193	1.833485256223571	-2.017154078635748	0.10178916143415813	5
0.3162710133687123	2.3535294679476593	4.036686244456738	1.3641210836048332	-0.15742379369616322	-3.450786053256363	-1.1083494190562868	-0.2733794351385325	5
1.6876674269469718	2.291756769305472	2.535233262300561	1.6499618540573444	0.48802538990662014	-3.2456044263431263	0.9029142588771609	0.8222709053258079	5
-1.802688027257243	0.5062582979363924	1.1717056457872184	-1.0105114349140298	-1.8205555862599612	0.8321131584753221	-0.8077978899081493	0.10674230433535344	5
